event_case,market,sequence_id,event_id,event_title,event_type,pos95_start,pos95_end,peak_date,event_end,overlap_start,overlap_end,overlap_days,sales_duration,overlap_sum_residual,overlap_sum_sales,event_duration,max_outlier,start_lag,peak_lag,bill,ratio_pop,max_customer,mean_customer,min_customer,mean_duration,tot_pop,impact_pop,totalDamage,totalDamage_gdp,totalApprovedIhpAmount,totalApprovedIhpAmount_gdp,start_date,end_date,sum_residual,sum_sales,event_start,event_group
overlap,Albany/Schenectady/Troy SMM xAOC,3,DR-4480-NY,COVID-19 PANDEMIC,Biological,2020-03-07,2020-03-21,2020-03-14,2020-04-16,2020-03-07,2020-03-21,15,15,832421.6371033044,2862208.479,88,401469.42093443486,47,54,0,1,NA,NA,NA,NA,1379787,1379787,NA,NA,NA,NA,NA,NA,NA,NA,NA,Biological
overlap,Atlanta SMM xAOC,3,DR-4487-NC,COVID-19 PANDEMIC,Biological,2020-03-07,2020-03-21,2020-03-14,2020-04-16,2020-03-07,2020-03-21,15,15,5126661.3699829,16708341.9615,88,2525030.627827634,47,54,0,1,NA,NA,NA,NA,7168364,7168364,NA,NA,NA,NA,NA,NA,NA,NA,NA,Biological
overlap,Austin SMM xAOC,2,DR-4485-TX,COVID-19 PANDEMIC,Biological,2020-03-07,2020-03-21,2020-03-21,2020-04-16,2020-03-07,2020-03-21,15,15,1453704.9102246102,5048472.417,88,720319.975908203,47,61,0,1,NA,NA,NA,NA,2383984,2383984,NA,NA,NA,NA,NA,NA,NA,NA,NA,Biological
overlap,Baltimore SMM xAOC,2,DR-4491-MD,COVID-19 PANDEMIC,Biological,2020-03-07,2020-03-21,2020-03-14,2020-04-16,2020-03-07,2020-03-21,15,15,1882701.2405596857,6432382.574999999,88,836674.2080865623,47,54,0,1,NA,NA,NA,NA,2997116,2997116,NA,NA,NA,NA,NA,NA,NA,NA,NA,Biological
overlap,Birmingham/Anniston/Tuscaloosa SMM xAOC,3,DR-4503-AL,COVID-19 PANDEMIC,Biological,2020-03-14,2020-03-21,2020-03-14,2020-04-16,2020-03-14,2020-03-21,8,8,1131649.443550988,3098956.3155,88,664041.2095254944,54,54,0,1,NA,NA,NA,NA,1908031,1908031,NA,NA,NA,NA,NA,NA,NA,NA,NA,Biological
overlap,Boston/Manchester SMM xAOC,3,DR-4496-MA,COVID-19 PANDEMIC,Biological,2020-03-07,2020-03-21,2020-03-14,2020-04-16,2020-03-07,2020-03-21,15,15,4818385.207053639,15948784.111499999,88,2714048.8573512137,47,54,0,1,NA,NA,NA,NA,6696161,6696161,NA,NA,NA,NA,NA,NA,NA,NA,NA,Biological
overlap,Boston/Manchester SMM xAOC,7,EM-3566-MA,TROPICAL STORM HENRI,Hurricane,2021-08-21,2021-08-21,2021-08-21,2021-08-24,2021-08-21,2021-08-21,1,1,544169.2203444755,4758496.9995,5,544169.2203444755,1,1,0,0.031797772,0,0,0,0,6696161,212923,NA,NA,NA,NA,NA,NA,NA,NA,NA,Tropical Storms
overlap,Boston/Manchester SMM xAOC,8,DR-4651-MA,SEVERE WINTER STORM AND SNOWSTORM,Snowstorm,2022-01-29,2022-01-29,2022-01-29,2022-01-29,2022-01-29,2022-01-29,1,1,655479.1210265504,4013583.393,2,655479.1210265504,1,1,0.014137365,0.335691301,113148,21791.15642327,0,10.4375,6696161,2247843,NA,NA,NA,NA,NA,NA,NA,NA,NA,Winter Storms
overlap,Buffalo SMM xAOC,2,DR-4480-NY,COVID-19 PANDEMIC,Biological,2020-03-14,2020-03-21,2020-03-14,2020-04-16,2020-03-14,2020-03-21,8,8,708341.4366803123,1997437.449,88,444551.9524901563,54,54,0,1,NA,NA,NA,NA,1531605,1531605,NA,NA,NA,NA,NA,NA,NA,NA,NA,Biological
overlap,Buffalo SMM xAOC,11,DR-4694-NY,SEVERE WINTER STORM AND SNOWSTORM,Snowstorm,2022-12-24,2022-12-24,2022-12-24,2022-12-28,2022-12-24,2022-12-24,1,1,96222.76681702933,709034.505,6,96222.76681702933,1,1,0.009693472,0.774213978,46523,18182.600716,2,93.58333333333331,1531605,1185790,NA,NA,NA,NA,NA,NA,NA,NA,NA,Winter Storms
overlap,Buffalo SMM xAOC,11,EM-3590-NY,SEVERE WINTER STORM,Winter Storm,2022-12-24,2022-12-24,2022-12-24,2022-12-28,2022-12-24,2022-12-24,1,1,96222.76681702933,709034.505,6,96222.76681702933,1,1,0,0.63738823,39662,16663.62398,1,93.625,1531605,976227,NA,NA,NA,NA,NA,NA,NA,NA,NA,Winter Storms
overlap,Charlotte SMM xAOC,2,EM-3423-NC,HURRICANE DORIAN,Hurricane,2019-09-07,2019-09-07,2019-09-07,2019-09-09,2019-09-07,2019-09-07,1,1,415196.309173923,2337728.6955,9,415196.309173923,6,6,0,0.863874807,7777,278.336804429,7,3.7777777777777777,3361582,2903986,NA,NA,NA,NA,NA,NA,NA,NA,NA,Tropical Storms
overlap,Charlotte SMM xAOC,3,DR-4487-NC,COVID-19 PANDEMIC,Biological,2020-03-07,2020-03-28,2020-03-21,2020-04-16,2020-03-07,2020-03-28,22,22,3088797.6274567265,10344053.0175,88,1502018.0449891808,47,61,0,1,NA,NA,NA,NA,3361582,3361582,NA,NA,NA,NA,NA,NA,NA,NA,NA,Biological
overlap,Charlotte SMM xAOC,10,EM-3585-SC,HURRICANE IAN,Hurricane,2022-10-01,2022-10-01,2022-10-01,2022-10-04,2022-10-01,2022-10-01,1,1,358189.33711229963,2256178.5045,10,358189.33711229963,6,6,0,0.272250386,8115,408.665145750734,0,16.0625,3361582,915192,NA,NA,NA,NA,NA,NA,NA,NA,NA,Tropical Storms
overlap,Charlotte SMM xAOC,10,EM-3586-NC,HURRICANE IAN,Hurricane,2022-10-01,2022-10-01,2022-10-01,2022-10-04,2022-10-01,2022-10-01,1,1,358189.33711229963,2256178.5045,7,358189.33711229963,3,3,0,0.863874807,42983,4597.28686972,0,23.88888888888889,3361582,2903986,NA,NA,NA,NA,NA,NA,NA,NA,NA,Tropical Storms
overlap,Chicago SMM xAOC,3,DR-4489-IL,COVID-19 PANDEMIC,Biological,2020-03-07,2020-03-21,2020-03-21,2020-04-16,2020-03-07,2020-03-21,15,15,6804596.2445337875,20858016.639,88,3105234.8683779277,47,61,0,1,NA,NA,NA,NA,9612652,9612652,NA,NA,NA,NA,NA,NA,NA,NA,NA,Biological
overlap,Cincinnati SMM xAOC,1,DR-4497-KY,COVID-19 PANDEMIC,Biological,2020-03-07,2020-03-21,2020-03-14,2020-04-16,2020-03-07,2020-03-21,15,15,1217873.8226024518,4274499.836999999,88,729026.0730674842,47,54,0,1,NA,NA,NA,NA,2407389,2407389,NA,NA,NA,NA,NA,NA,NA,NA,NA,Biological
overlap,Cleveland/Akron/Canton SMM xAOC,3,DR-4507-OH,COVID-19 PANDEMIC,Biological,2020-03-07,2020-03-21,2020-03-14,2020-04-16,2020-03-07,2020-03-21,15,15,1856960.5806630487,6226906.154999999,88,1090765.8802210167,47,54,0,1,NA,NA,NA,NA,3806151,3806151,NA,NA,NA,NA,NA,NA,NA,NA,NA,Biological
overlap,Dallas/Ft. Worth SMM xAOC,1,DR-4485-TX,COVID-19 PANDEMIC,Biological,2020-03-07,2020-03-21,2020-03-14,2020-04-16,2020-03-07,2020-03-21,15,15,6860125.200728423,26035592.443499997,88,3164923.4719428085,47,54,0,1,NA,NA,NA,NA,8263502,8263502,NA,NA,NA,NA,NA,NA,NA,NA,NA,Biological
overlap,Dallas/Ft. Worth SMM xAOC,3,DR-4586-TX,SEVERE WINTER STORMS,Severe Ice Storm,2021-02-13,2021-02-27,2021-02-27,2021-02-21,2021-02-13,2021-02-21,9,15,3481124.0684374245,21058403.6475,11,1622431.535879136,2,16,0.005475816,1,1307163,232190.4765925,33,121.7890625,8263502,8263502,NA,NA,NA,NA,NA,NA,NA,NA,NA,Winter Storms
overlap,Dallas/Ft. Worth SMM xAOC,3,EM-3554-TX,SEVERE WINTER STORM,Severe Ice Storm,2021-02-13,2021-02-27,2021-02-27,2021-02-21,2021-02-13,2021-02-21,9,15,3481124.0684374245,21058403.6475,11,1622431.535879136,2,16,0,1,1307163,232190.4765925,33,121.7890625,8263502,8263502,NA,NA,NA,NA,NA,NA,NA,NA,NA,Winter Storms
overlap,Dallas/Ft. Worth SMM xAOC,7,FM-5444-TX,CHALK MOUNTAIN FIRE,Fire,2022-07-23,2022-07-23,2022-07-23,2022-08-06,2022-07-23,2022-07-23,1,1,813001.6680676229,8466052.887,20,813001.6680676229,5,5,0,0.008578082,1086,45.301227335,0,3,8263502,70885,NA,NA,NA,NA,NA,NA,NA,NA,NA,Fire
overlap,Dayton SMM xAOC,3,DR-4507-OH,COVID-19 PANDEMIC,Biological,2020-03-07,2020-03-21,2020-03-14,2020-04-16,2020-03-07,2020-03-21,15,15,678879.4517375181,2586041.001,88,393549.52697917295,47,54,0,1,NA,NA,NA,NA,1209203,1209203,NA,NA,NA,NA,NA,NA,NA,NA,NA,Biological
overlap,Denver SMM xAOC,1,DR-4498-CO,COVID-19 PANDEMIC,Biological,2020-03-07,2020-03-21,2020-03-14,2020-04-16,2020-03-07,2020-03-21,15,15,2400447.356715772,7493720.8665,88,1326929.3201052577,47,54,0,1,NA,NA,NA,NA,4560978,4560978,NA,NA,NA,NA,NA,NA,NA,NA,NA,Biological
overlap,Detroit SMM xAOC,1,DR-4494-MI,COVID-19 PANDEMIC,Biological,2020-03-07,2020-03-21,2020-03-14,2020-04-16,2020-03-07,2020-03-21,15,15,2673055.4384598597,9032122.3155,88,1535123.6396866208,47,54,0,1,NA,NA,NA,NA,4879287,4879287,NA,NA,NA,NA,NA,NA,NA,NA,NA,Biological
overlap,Fresno/Visalia SMM xAOC,1,DR-4482-CA,COVID-19 PANDEMIC,Biological,2020-03-07,2020-03-21,2020-03-14,2020-04-16,2020-03-07,2020-03-21,15,15,941656.7528524564,3173596.074,88,502163.2705841522,47,54,0,1,NA,NA,NA,NA,2067273,2067273,NA,NA,NA,NA,NA,NA,NA,NA,NA,Biological
overlap,Fresno/Visalia SMM xAOC,2,FM-5348-CA,CREEK FIRE,Fire,2020-11-21,2020-11-21,2020-11-21,2020-12-24,2020-11-21,2020-11-21,1,1,178484.63268415187,821123.544,110,178484.63268415187,76,76,0,0.558496144,0,0,0,0,2067273,1154564,NA,NA,NA,NA,NA,NA,NA,NA,NA,Fire
overlap,Fresno/Visalia SMM xAOC,2,FM-5373-CA,SQF FIRE COMPLEX,Fire,2020-11-21,2020-11-21,2020-11-21,2021-01-06,2020-11-21,2020-11-21,1,1,178484.63268415187,821123.544,116,178484.63268415187,69,69,0,0.225297288,0,0,0,0,2067273,465751,NA,NA,NA,NA,NA,NA,NA,NA,NA,Fire
overlap,Grand Rapids SMM xAOC,1,DR-4494-MI,COVID-19 PANDEMIC,Biological,2020-03-14,2020-03-21,2020-03-14,2020-04-16,2020-03-14,2020-03-21,8,8,633554.7146063257,2069840.274,88,462693.093403163,54,54,0,1,NA,NA,NA,NA,2084583,2084583,NA,NA,NA,NA,NA,NA,NA,NA,NA,Biological
overlap,Greensboro SMM xAOC,3,EM-3423-NC,HURRICANE DORIAN,Hurricane,2019-09-07,2019-09-07,2019-09-07,2019-09-09,2019-09-07,2019-09-07,1,1,210413.86624963488,1351011.3705,9,210413.86624963488,6,6,0,0.99042104500000006,9730,476.53319486,11,3.375,1836526,1818934,NA,NA,NA,NA,NA,NA,NA,NA,NA,Tropical Storms
overlap,Greensboro SMM xAOC,4,DR-4487-NC,COVID-19 PANDEMIC,Biological,2020-03-07,2020-03-28,2020-03-21,2020-04-16,2020-03-07,2020-03-28,22,22,1575473.0307023241,5873125.839,88,645408.7516505807,47,61,0,1,NA,NA,NA,NA,1836526,1836526,NA,NA,NA,NA,NA,NA,NA,NA,NA,Biological
overlap,Greensboro SMM xAOC,9,EM-3586-NC,HURRICANE IAN,Hurricane,2022-10-01,2022-10-01,2022-10-01,2022-10-04,2022-10-01,2022-10-01,1,1,173531.15333325998,1317884.883,7,173531.15333325998,3,3,0,0.99042104500000006,122893,16368.16889557,0,44.17857142857143,1836526,1818934,NA,NA,NA,NA,NA,NA,NA,NA,NA,Tropical Storms
overlap,Greenville/Spartanburg SMM xAOC,2,EM-3423-NC,HURRICANE DORIAN,Hurricane,2019-09-07,2019-09-07,2019-09-07,2019-09-09,2019-09-07,2019-09-07,1,1,109293.9183861583,1071977.7765,9,109293.9183861583,6,6,0,0.32444212,5242,141.73525155000002,4,3.15625,2362782,766586,NA,NA,NA,NA,NA,NA,NA,NA,NA,Tropical Storms
overlap,Greenville/Spartanburg SMM xAOC,3,DR-4487-NC,COVID-19 PANDEMIC,Biological,2020-03-07,2020-03-21,2020-03-21,2020-04-16,2020-03-07,2020-03-21,15,15,980088.8142571301,3668243.4825,88,479056.093619043,47,61,0,1,NA,NA,NA,NA,2362782,2362782,NA,NA,NA,NA,NA,NA,NA,NA,NA,Biological
overlap,Greenville/Spartanburg SMM xAOC,8,EM-3585-SC,HURRICANE IAN,Hurricane,2022-10-01,2022-10-01,2022-10-01,2022-10-04,2022-10-01,2022-10-01,1,1,131652.12833159917,1105997.709,10,131652.12833159917,6,6,0,1,7524,421.51854444,0,7.625,2362782,2362782,NA,NA,NA,NA,NA,NA,NA,NA,NA,Tropical Storms
overlap,Greenville/Spartanburg SMM xAOC,8,EM-3586-NC,HURRICANE IAN,Hurricane,2022-10-01,2022-10-01,2022-10-01,2022-10-04,2022-10-01,2022-10-01,1,1,131652.12833159917,1105997.709,7,131652.12833159917,3,3,0,0.32444212,7531,287.792906455,0,4.46875,2362782,766586,NA,NA,NA,NA,NA,NA,NA,NA,NA,Tropical Storms
overlap,Harrisburg/Lancaster SMM xAOC,3,DR-4506-PA,COVID-19 PANDEMIC,Biological,2020-03-07,2020-03-21,2020-03-14,2020-04-16,2020-03-07,2020-03-21,15,15,978574.7600248025,3661794.2535,88,523588.3032749344,47,54,0,1,NA,NA,NA,NA,2043134,2043134,NA,NA,NA,NA,NA,NA,NA,NA,NA,Biological
overlap,Hartford/New Haven SMM xAOC,4,DR-4500-CT,COVID-19 PANDEMIC,Biological,2020-03-07,2020-03-21,2020-03-14,2020-04-16,2020-03-07,2020-03-21,15,15,1641611.6634663537,5120446.575,88,846098.874022118,47,54,0,1,NA,NA,NA,NA,2621634,2621634,NA,NA,NA,NA,NA,NA,NA,NA,NA,Biological
overlap,Hartford/New Haven SMM xAOC,9,EM-3564-CT,HURRICANE HENRI,Hurricane,2021-08-21,2021-08-21,2021-08-21,2021-08-24,2021-08-21,2021-08-21,1,1,598312.8554188448,1998001.857,4,598312.8554188448,0,0,4.97e-5,1,35868,4828.9017023100005,7,34.892857142857146,2621634,2621634,NA,NA,NA,NA,NA,NA,NA,NA,NA,Tropical Storms
overlap,Houston SMM xAOC,2,DR-4485-TX,COVID-19 PANDEMIC,Biological,2020-03-07,2020-03-21,2020-03-21,2020-04-16,2020-03-07,2020-03-21,15,15,7889155.978614777,23740398.7365,88,2793850.7634382574,47,61,0,1,NA,NA,NA,NA,7430252,7430252,NA,NA,NA,NA,NA,NA,NA,NA,NA,Biological
overlap,Houston SMM xAOC,3,DR-4572-TX,HURRICANE LAURA,Hurricane,2020-08-22,2020-08-29,2020-08-29,2020-08-27,2020-08-23,2020-08-27,5,8,3739606.642276508,16086069.384,5,2720709.9729382526,-1,6,0.002606268,0.045966274,5328,213.6897723,1,10.5,7430252,341541,NA,NA,NA,NA,NA,NA,NA,NA,NA,Tropical Storms
overlap,Houston SMM xAOC,3,EM-3540-TX,TROPICAL STORMS MARCO AND LAURA,Hurricane,2020-08-22,2020-08-29,2020-08-29,2020-08-27,2020-08-23,2020-08-27,5,8,3739606.642276508,16086069.384,5,2720709.9729382526,-1,6,0.002531483,0.988264193,148878,7155.86686897,32,14.676470588235292,7430252,7343052,NA,NA,NA,NA,NA,NA,NA,NA,NA,Tropical Storms
overlap,Houston SMM xAOC,4,DR-4586-TX,SEVERE WINTER STORMS,Severe Ice Storm,2021-02-20,2021-02-27,2021-02-27,2021-02-21,2021-02-20,2021-02-21,2,8,2481788.6704750834,12062457.885,11,1449832.3038875405,9,16,0.016996667,1,1734789,225365.067394,41,121.7375,7430252,7430252,NA,NA,NA,NA,NA,NA,NA,NA,NA,Winter Storms
overlap,Houston SMM xAOC,4,EM-3554-TX,SEVERE WINTER STORM,Severe Ice Storm,2021-02-20,2021-02-27,2021-02-27,2021-02-21,2021-02-20,2021-02-21,2,8,2481788.6704750834,12062457.885,11,1449832.3038875405,9,16,0,1,1734789,225365.067394,41,121.7375,7430252,7430252,NA,NA,NA,NA,NA,NA,NA,NA,NA,Winter Storms
overlap,Indianapolis SMM xAOC,1,DR-4515-IN,COVID-19 PANDEMIC,Biological,2020-03-07,2020-03-21,2020-03-14,2020-04-16,2020-03-07,2020-03-21,15,15,2006219.9844316328,7051798.245,88,1045942.0872105449,47,54,0,1,NA,NA,NA,NA,3078444,3078444,NA,NA,NA,NA,NA,NA,NA,NA,NA,Biological
overlap,Jacksonville SMM xAOC,2,EM-3419-FL,HURRICANE DORIAN,Hurricane,2019-08-31,2019-09-07,2019-08-31,2019-09-09,2019-08-31,2019-09-07,8,8,2091741.3014015215,5344707.618000001,13,1248592.7032007598,3,3,0.013157641,1,22081,444.24173661,9,15.583333333333334,1979212,1979212,NA,NA,NA,NA,NA,NA,NA,NA,NA,Tropical Storms
overlap,Jacksonville SMM xAOC,2,EM-3422-GA,HURRICANE DORIAN,Hurricane,2019-08-31,2019-09-07,2019-08-31,2019-09-07,2019-08-31,2019-09-07,8,8,2091741.3014015215,5344707.618000001,10,1248592.7032007598,2,2,0,0.096985063,6792,242.97369455,5,9.6,1979212,191954,NA,NA,NA,NA,NA,NA,NA,NA,NA,Tropical Storms
overlap,Jacksonville SMM xAOC,3,DR-4486-FL,COVID-19 PANDEMIC,Biological,2020-03-14,2020-03-21,2020-03-21,2020-04-16,2020-03-14,2020-03-21,8,8,1238668.3526998102,3834464.7975,88,773454.9709499048,54,61,0,1,NA,NA,NA,NA,1979212,1979212,0,0,82305.23,0.03768850438576106,NA,NA,NA,NA,NA,Biological
overlap,Jacksonville SMM xAOC,4,EM-3533-FL,HURRICANE ISAIAS,Hurricane,2020-08-01,2020-08-01,2020-08-01,2020-08-04,2020-08-01,2020-08-01,1,1,261716.57804990467,1636201.2645,5,261716.57804990467,1,1,2.87e-5,0.811851889,8273,386.88911817,5,6.6,1979212,1606827,NA,NA,NA,NA,NA,NA,NA,NA,NA,Tropical Storms
overlap,Jacksonville SMM xAOC,7,DR-4673-FL,HURRICANE IAN,Hurricane,2022-09-24,2022-10-01,2022-10-01,2022-11-04,2022-09-24,2022-10-01,8,8,1634689.304632888,4453677.4065,43,1405240.6507164442,1,8,0.006613131,0.884918846,73043,1435.90037564,0,60.02777777777778,1979212,1751442,NA,NA,NA,NA,NA,NA,NA,NA,NA,Tropical Storms
overlap,Jacksonville SMM xAOC,7,EM-3584-FL,TROPICAL STORM IAN,Hurricane,2022-09-24,2022-10-01,2022-10-01,2022-11-04,2022-09-24,2022-10-01,8,8,1634689.304632888,4453677.4065,43,1405240.6507164442,1,8,0,0.884918846,73043,1435.90037564,0,60.02777777777778,1979212,1751442,NA,NA,NA,NA,NA,NA,NA,NA,NA,Tropical Storms
overlap,Jacksonville SMM xAOC,8,DR-4680-FL,HURRICANE NICOLE,Hurricane,2022-11-12,2022-11-12,2022-11-12,2022-11-30,2022-11-12,2022-11-12,1,1,204396.1252164438,1467235.7715,24,204396.1252164438,5,5,0.024499789,0.884918846,73321,1157.9735963,0,39.916666666666664,1979212,1751442,3944227.01,1.2497627947954684,3076604.13,0.9748489035340996,NA,NA,NA,NA,NA,Tropical Storms
overlap,Jacksonville SMM xAOC,8,EM-3587-FL,TROPICAL STORM NICOLE,Tropical Storm,2022-11-12,2022-11-12,2022-11-12,2022-11-30,2022-11-12,2022-11-12,1,1,204396.1252164438,1467235.7715,24,204396.1252164438,5,5,0,0.82617476,68174,1016.35107934,0,48.666666666666664,1979212,1635175,NA,NA,NA,NA,NA,NA,NA,NA,NA,Tropical Storms
overlap,Jacksonville SMM xAOC,9,DR-4734-FL,HURRICANE IDALIA,Hurricane,2023-09-02,2023-09-02,2023-09-02,2023-09-04,2023-09-02,2023-09-02,1,1,606730.282365585,2627325.7425,9,606730.282365585,6,6,0.001706448,0.884918846,86977,7103.4605661,5,47.05555555555556,1979212,1751442,NA,NA,NA,NA,NA,NA,NA,NA,NA,Tropical Storms
overlap,Jacksonville SMM xAOC,9,EM-3596-FL,TROPICAL STORM IDALIA,Tropical Storm,2023-09-02,2023-09-02,2023-09-02,2023-09-04,2023-09-02,2023-09-02,1,1,606730.282365585,2627325.7425,9,606730.282365585,6,6,0,0.884918846,86977,7103.4605661,5,47.05555555555556,1979212,1751442,NA,NA,NA,NA,NA,NA,NA,NA,NA,Tropical Storms
overlap,Kansas City SMM xAOC,1,DR-4435-MO,"SEVERE STORMS, STRAIGHT-LINE WINDS, AND FLOODING",Flood,2019-03-30,2019-03-30,2019-03-30,2019-04-16,2019-03-30,2019-03-30,1,1,132054.96781710908,988582.227,37,132054.96781710908,19,19,0.01164695,0.054680505,3350,45.764445573,4,3.375,2575598,140835,NA,NA,NA,NA,NA,NA,NA,NA,NA,Flood
overlap,Kansas City SMM xAOC,3,DR-4490-MO,COVID-19 PANDEMIC,Biological,2020-03-07,2020-03-21,2020-03-14,2020-04-16,2020-03-07,2020-03-21,15,15,1438468.1132369002,4317578.214,88,704687.722978967,47,54,0,1,NA,NA,NA,NA,2575598,2575598,NA,NA,NA,NA,NA,NA,NA,NA,NA,Biological
overlap,Knoxville SMM xAOC,4,DR-4497-KY,COVID-19 PANDEMIC,Biological,2020-03-07,2020-03-21,2020-03-14,2020-04-16,2020-03-07,2020-03-21,15,15,700947.0182259049,2773962.4185,88,328028.2263753017,47,54,0,1,NA,NA,NA,NA,1402321,1402321,NA,NA,NA,NA,NA,NA,NA,NA,NA,Biological
overlap,Knoxville SMM xAOC,11,DR-4691-TN,SEVERE WINTER STORM,Winter Storm,2022-12-24,2022-12-24,2022-12-24,2022-12-27,2022-12-24,2022-12-24,1,1,80059.1580287877,794442.534,6,80059.1580287877,2,2,6.97e-4,0.360940184,27956,1611.9854449,1,33.875,1402321,506154,NA,NA,NA,NA,NA,NA,NA,NA,NA,Winter Storms
overlap,Las Vegas SMM xAOC,2,DR-4523-NV,COVID-19 PANDEMIC,Biological,2020-03-07,2020-03-21,2020-03-07,2020-04-16,2020-03-07,2020-03-21,15,15,2811795.8051882917,8515263.975,88,1084748.6918960977,47,47,0,1,NA,NA,NA,NA,2327908,2327908,NA,NA,NA,NA,NA,NA,NA,NA,NA,Biological
overlap,Los Angeles SMM xAOC,1,DR-4482-CA,COVID-19 PANDEMIC,Biological,2020-03-07,2020-03-21,2020-03-14,2020-04-16,2020-03-07,2020-03-21,15,15,13705773.87435418,39023624.542500004,88,6243368.518751396,47,54,0,1,NA,NA,NA,NA,18688367,18688367,NA,NA,NA,NA,NA,NA,NA,NA,NA,Biological
overlap,Los Angeles SMM xAOC,2,DR-4569-CA,WILDFIRES,Fire,2020-11-07,2020-11-07,2020-11-07,2020-11-17,2020-11-07,2020-11-07,1,1,883697.7029513875,8949743.0925,75,883697.7029513875,64,64,0.010867994,0.652217553,128169,4193.536217,2,1616.875,18688367,12188881,NA,NA,NA,NA,NA,NA,NA,NA,NA,Fire
overlap,Los Angeles SMM xAOC,2,FM-5374-CA,BOBCAT FIRE,Fire,2020-11-07,2020-11-07,2020-11-07,2020-11-27,2020-11-07,2020-11-07,1,1,883697.7029513875,8949743.0925,76,883697.7029513875,55,55,0,0.535713045,0,0,0,0,18688367,10011602,NA,NA,NA,NA,NA,NA,NA,NA,NA,Fire
overlap,Los Angeles SMM xAOC,2,FM-5380-CA,SILVERADO FIRE,Fire,2020-11-07,2020-11-07,2020-11-07,2020-11-07,2020-11-07,2020-11-07,1,1,883697.7029513875,8949743.0925,13,883697.7029513875,12,12,0,0.169669774,0,0,0,0,18688367,3170851,NA,NA,NA,NA,NA,NA,NA,NA,NA,Fire
overlap,Los Angeles SMM xAOC,2,FM-5381-CA,BLUE RIDGE FIRE,Fire,2020-11-07,2020-11-07,2020-11-07,2020-11-07,2020-11-07,2020-11-07,1,1,883697.7029513875,8949743.0925,13,883697.7029513875,12,12,0,0.418104963,0,0,0,0,18688367,7813699,NA,NA,NA,NA,NA,NA,NA,NA,NA,Fire
overlap,Los Angeles SMM xAOC,3,FM-5374-CA,BOBCAT FIRE,Fire,2020-11-21,2020-11-21,2020-11-21,2020-11-27,2020-11-21,2020-11-21,1,1,1481283.4079513885,8890007.886,76,1481283.4079513885,69,69,0,0.535713045,0,0,0,0,18688367,10011602,NA,NA,NA,NA,NA,NA,NA,NA,NA,Fire
overlap,Los Angeles SMM xAOC,10,FM-5451-CA,FAIRVIEW FIRE,Fire,2022-09-10,2022-09-10,2022-09-10,2022-09-14,2022-09-10,2022-09-10,1,1,1551806.2199183889,11315404.254,10,1551806.2199183889,5,5,0,0.131930682,10944,959.0311728,0,177.25,18688367,2465569,NA,NA,NA,NA,NA,NA,NA,NA,NA,Fire
overlap,Los Angeles SMM xAOC,11,DR-4750-CA,TROPICAL STORM HILARY,Hurricane,2023-08-19,2023-08-19,2023-08-19,2023-08-21,2023-08-19,2023-08-19,1,1,1193071.5352763236,10827002.2545,3,1193071.5352763236,0,0,8.8e-5,0.132893473,10339,2009.478078,7,33.75,18688367,2483562,NA,NA,NA,NA,NA,NA,NA,NA,NA,Tropical Storms
overlap,Louisville SMM xAOC,1,DR-4497-KY,COVID-19 PANDEMIC,Biological,2020-03-07,2020-03-21,2020-03-14,2020-04-16,2020-03-07,2020-03-21,15,15,978062.0741288266,3333387.804,88,544682.5095762757,47,54,0,1,NA,NA,NA,NA,1778189,1778189,NA,NA,NA,NA,NA,NA,NA,NA,NA,Biological
overlap,Memphis SMM xAOC,1,DR-4514-TN,COVID-19 PANDEMIC,Biological,2020-03-14,2020-03-21,2020-03-14,2020-04-16,2020-03-14,2020-03-21,8,8,1118971.4248013024,2964675.4725,88,590937.5450006514,54,54,0,1,NA,NA,NA,NA,1807993,1807993,NA,NA,NA,NA,NA,NA,NA,NA,NA,Biological
overlap,Memphis SMM xAOC,6,EM-3569-MS,HURRICANE IDA,Hurricane,2021-08-28,2021-09-04,2021-08-28,2021-09-01,2021-08-28,2021-09-01,5,8,324449.5280752736,2384632.3485000003,5,179560.40083763702,0,0,0,0.490244154,4181,320.86094056999997,6,4.25,1807993,886358,NA,NA,NA,NA,NA,NA,NA,NA,NA,Tropical Storms
overlap,Memphis SMM xAOC,8,DR-4691-TN,SEVERE WINTER STORM,Winter Storm,2022-12-24,2022-12-31,2022-12-31,2022-12-27,2022-12-24,2022-12-27,4,8,433712.8366169133,2309384.34,6,301205.09138638433,2,9,0.001808365,0.518292936,84234,4875.862438,1,65.25,1807993,937070,NA,NA,NA,NA,NA,NA,NA,NA,NA,Winter Storms
overlap,Miami/West Palm Beach SMM xAOC,1,EM-3419-FL,HURRICANE DORIAN,Hurricane,2019-08-31,2019-09-07,2019-08-31,2019-09-09,2019-08-31,2019-09-07,8,8,6410481.305409962,17077275.606,13,5537158.891204976,3,3,0.032350967,1,38664,1404.76145108,9,86.53125,6929939,6929939,NA,NA,NA,NA,NA,NA,NA,NA,NA,Tropical Storms
overlap,Miami/West Palm Beach SMM xAOC,2,DR-4486-FL,COVID-19 PANDEMIC,Biological,2020-03-07,2020-03-21,2020-03-14,2020-04-16,2020-03-07,2020-03-21,15,15,5346938.106164692,20306843.28,88,2252923.4189548995,47,54,0,1,NA,NA,NA,NA,6929939,6929939,NA,NA,NA,NA,NA,NA,NA,NA,NA,Biological
overlap,Miami/West Palm Beach SMM xAOC,3,EM-3533-FL,HURRICANE ISAIAS,Hurricane,2020-08-01,2020-08-01,2020-08-01,2020-08-04,2020-08-01,2020-08-01,1,1,1697435.0300548943,7014680.712,5,1697435.0300548943,1,1,0.001158415,1,50666,1374.12627476,15,36.15625,6929939,6929939,NA,NA,NA,NA,NA,NA,NA,NA,NA,Tropical Storms
overlap,Miami/West Palm Beach SMM xAOC,4,EM-3560-FL,SURFSIDE BUILDING COLLAPSE,Other,2021-07-03,2021-07-03,2021-07-03,2021-07-04,2021-07-03,2021-07-03,1,1,817047.6376634557,6127619.9535,11,817047.6376634557,9,9,0.057581115,0.391289447,5886,380.5267145,13,209,6929939,2711612,4125942.68,0.02416827380939951,883556.72,0.00517555438629965,NA,NA,NA,NA,NA,Others
overlap,Miami/West Palm Beach SMM xAOC,8,DR-4673-FL,HURRICANE IAN,Hurricane,2022-09-24,2022-10-01,2022-10-01,2022-11-04,2022-09-24,2022-10-01,8,8,4312025.793526733,15028284.6975,43,2387031.765413367,1,8,0.015911107,1,193833,4464.8432205,0,269.5625,6929939,6929939,6491675.25,0.8783782704973471,6964573.42,0.9423653710051798,NA,NA,NA,NA,NA,Tropical Storms
overlap,Miami/West Palm Beach SMM xAOC,8,EM-3584-FL,TROPICAL STORM IAN,Hurricane,2022-09-24,2022-10-01,2022-10-01,2022-11-04,2022-09-24,2022-10-01,8,8,4312025.793526733,15028284.6975,43,2387031.765413367,1,8,0,1,193833,4464.8432205,0,269.5625,6929939,6929939,NA,NA,NA,NA,NA,NA,NA,NA,NA,Tropical Storms
overlap,Miami/West Palm Beach SMM xAOC,9,DR-4680-FL,HURRICANE NICOLE,Hurricane,2022-11-12,2022-11-12,2022-11-12,2022-11-30,2022-11-12,2022-11-12,1,1,1353644.507813367,6827340.75,24,1353644.507813367,5,5,0.031911964,0.989336558,57424,1505.17373688,0,104.53571428571428,6929939,6856042,NA,NA,NA,NA,NA,NA,NA,NA,NA,Tropical Storms
overlap,Miami/West Palm Beach SMM xAOC,9,EM-3587-FL,TROPICAL STORM NICOLE,Tropical Storm,2022-11-12,2022-11-12,2022-11-12,2022-11-30,2022-11-12,2022-11-12,1,1,1353644.507813367,6827340.75,24,1353644.507813367,5,5,0,0.989336558,57424,1505.17373688,0,104.53571428571428,6929939,6856042,NA,NA,NA,NA,NA,NA,NA,NA,NA,Tropical Storms
overlap,Milwaukee SMM xAOC,1,DR-4520-WI,COVID-19 PANDEMIC,Biological,2020-03-07,2020-03-21,2020-03-14,2020-04-16,2020-03-07,2020-03-21,15,15,1094162.7261732374,3748595.0115,88,514474.73042441276,47,54,0,1,NA,NA,NA,NA,2335004,2335004,0,0,13840.71,0.0020920112772366,NA,NA,NA,NA,NA,Biological
overlap,Minneapolis/St. Paul SMM xAOC,1,DR-4520-WI,COVID-19 PANDEMIC,Biological,2020-03-07,2020-03-21,2020-03-14,2020-04-16,2020-03-07,2020-03-21,15,15,2195700.063610605,6677439.5145,88,987706.9162035354,47,54,0,1,NA,NA,NA,NA,4846565,4846565,NA,NA,NA,NA,NA,NA,NA,NA,NA,Biological
overlap,Mobile/Pensacola SMM xAOC,1,EM-3419-FL,HURRICANE DORIAN,Hurricane,2019-08-31,2019-08-31,2019-08-31,2019-09-09,2019-08-31,2019-08-31,1,1,130279.89671822311,1198275.591,13,130279.89671822311,3,3,0,0.477011812,2223,57.23288491,3,9.25,1499705,715377,NA,NA,NA,NA,NA,NA,NA,NA,NA,Tropical Storms
overlap,Mobile/Pensacola SMM xAOC,2,DR-4486-FL,COVID-19 PANDEMIC,Biological,2020-03-14,2020-03-21,2020-03-21,2020-04-16,2020-03-14,2020-03-21,8,8,924434.7307751167,2686664.385,88,513590.61878755805,54,61,0,1,NA,NA,NA,NA,1499705,1499705,NA,NA,NA,NA,NA,NA,NA,NA,NA,Biological
overlap,Mobile/Pensacola SMM xAOC,4,EM-3546-FL,HURRICANE SALLY,Hurricane,2020-09-19,2020-09-19,2020-09-19,2020-09-28,2020-09-19,2020-09-19,1,1,289828.98068755795,1227875.3325,15,289828.98068755795,5,5,0.136801267,0.954023624,253093,42988.438715,3,161.25,1499705,1430754,NA,NA,NA,NA,NA,NA,NA,NA,NA,Tropical Storms
overlap,Mobile/Pensacola SMM xAOC,5,EM-3548-MS,HURRICANE DELTA,Hurricane,2020-10-10,2020-10-10,2020-10-10,2020-10-11,2020-10-10,2020-10-10,1,1,310637.985387558,1203967.665,5,310637.985387558,3,3,0,0.016293204,736,24.89364237,1,2.25,1499705,24435,NA,NA,NA,NA,NA,NA,NA,NA,NA,Tropical Storms
overlap,Mobile/Pensacola SMM xAOC,8,EM-3562-FL,TROPICAL STORM FRED,Hurricane,2021-08-14,2021-08-28,2021-08-14,2021-08-19,2021-08-14,2021-08-19,6,15,512600.7208862135,3646230.7845,7,198355.41426207148,1,1,0,0.477011812,7854,158.88231363,3,9.166666666666666,1499705,715377,NA,NA,NA,NA,NA,NA,NA,NA,NA,Tropical Storms
overlap,Mobile/Pensacola SMM xAOC,8,EM-3569-MS,HURRICANE IDA,Hurricane,2021-08-14,2021-08-28,2021-08-14,2021-09-01,2021-08-28,2021-08-28,1,15,512600.7208862135,3646230.7845,5,198355.41426207148,-14,-14,6.25e-4,0.050681968,584,55.11577075,2,5.625,1499705,76008,NA,NA,NA,NA,NA,NA,NA,NA,NA,Tropical Storms
overlap,Mobile/Pensacola SMM xAOC,10,DR-4673-FL,HURRICANE IAN,Hurricane,2022-10-01,2022-10-01,2022-10-01,2022-11-04,2022-10-01,2022-10-01,1,1,394620.359131405,1372589.436,43,394620.359131405,8,8,0,0.477011812,5796,55.217007030000005,0,29.083333333333332,1499705,715377,NA,NA,NA,NA,NA,NA,NA,NA,NA,Tropical Storms
overlap,Mobile/Pensacola SMM xAOC,10,EM-3584-FL,TROPICAL STORM IAN,Hurricane,2022-10-01,2022-10-01,2022-10-01,2022-11-04,2022-10-01,2022-10-01,1,1,394620.359131405,1372589.436,43,394620.359131405,8,8,0,0.477011812,5796,55.217007030000005,0,29.083333333333332,1499705,715377,NA,NA,NA,NA,NA,NA,NA,NA,NA,Tropical Storms
overlap,Nashville SMM xAOC,3,DR-4497-KY,COVID-19 PANDEMIC,Biological,2020-03-07,2020-03-21,2020-03-14,2020-04-16,2020-03-07,2020-03-21,15,15,2229129.7273707674,7182569.244,88,1019231.7900569227,47,54,0,1,NA,NA,NA,NA,2983938,2983938,NA,NA,NA,NA,NA,NA,NA,NA,NA,Biological
overlap,New Orleans SMM xAOC,1,DR-4462-LA,FLOODING,Flood,2019-07-13,2019-07-13,2019-07-13,2019-07-24,2019-07-13,2019-07-13,1,1,803575.369116033,2349655.0065,76,803575.369116033,64,64,0,0.062613209,25602,601.4169447,1,217,1766640,110615,NA,NA,NA,NA,NA,NA,NA,NA,NA,Flood
overlap,New Orleans SMM xAOC,1,DR-4458-LA,HURRICANE BARRY,Hurricane,2019-07-13,2019-07-13,2019-07-13,2019-07-15,2019-07-13,2019-07-13,1,1,803575.369116033,2349655.0065,6,803575.369116033,3,3,0.018064055,0.755507064,102817,14364.46676685,17,64.19444444444444,1766640,1334709,NA,NA,NA,NA,NA,NA,NA,NA,NA,Tropical Storms
overlap,New Orleans SMM xAOC,1,EM-3416-LA,TROPICAL STORM BARRY,Coastal Storm,2019-07-13,2019-07-13,2019-07-13,2019-07-15,2019-07-13,2019-07-13,1,1,803575.369116033,2349655.0065,6,803575.369116033,3,3,0,0.941456663,110597,14837.5444406,20,59.270833333333336,1766640,1663215,NA,NA,NA,NA,NA,NA,NA,NA,NA,Tropical Storms
overlap,New Orleans SMM xAOC,2,DR-4484-LA,COVID-19 PANDEMIC,Biological,2020-03-14,2020-03-21,2020-03-14,2020-04-16,2020-03-14,2020-03-21,8,8,1681644.4077859137,4480522.395,88,869876.8441929573,54,54,0,1,NA,NA,NA,NA,1766640,1766640,NA,NA,NA,NA,NA,NA,NA,NA,NA,Biological
overlap,New Orleans SMM xAOC,3,EM-3527-LA,TROPICAL STORM CRISTOBAL,Coastal Storm,2020-06-06,2020-06-06,2020-06-06,2020-06-09,2020-06-06,2020-06-06,1,1,302153.015892955,1842577.1115,5,302153.015892955,1,1,1.23e-4,0.941456663,21109,1335.04168189,15,17.583333333333332,1766640,1663215,NA,NA,NA,NA,NA,NA,NA,NA,NA,Tropical Storms
overlap,New Orleans SMM xAOC,4,EM-3539-MS,HURRICANE MARCO AND TROPICAL STORM LAURA,Hurricane,2020-08-29,2020-08-29,2020-08-29,2020-08-29,2020-08-29,2020-08-29,1,1,672383.6881929557,2146451.208,7,672383.6881929557,6,6,0,0.058543337,383,11.93595168,1,0.125,1766640,103425,NA,NA,NA,NA,NA,NA,NA,NA,NA,Tropical Storms
overlap,New Orleans SMM xAOC,6,EM-3547-LA,HURRICANE DELTA,Hurricane,2020-10-10,2020-10-10,2020-10-10,2020-10-10,2020-10-10,2020-10-10,1,1,466902.86299295654,1790173.8645,5,466902.86299295654,4,4,0.004060073,1,74538,5133.8031215,16,25.458333333333332,1766640,1766640,NA,NA,NA,NA,NA,NA,NA,NA,NA,Tropical Storms
overlap,New Orleans SMM xAOC,6,EM-3548-MS,HURRICANE DELTA,Hurricane,2020-10-10,2020-10-10,2020-10-10,2020-10-11,2020-10-10,2020-10-10,1,1,466902.86299295654,1790173.8645,5,466902.86299295654,3,3,0,0.058543337,2165,79.36210875,2,6.5,1766640,103425,NA,NA,NA,NA,NA,NA,NA,NA,NA,Tropical Storms
overlap,New Orleans SMM xAOC,9,DR-4611-LA,HURRICANE IDA,Hurricane,2021-08-28,2021-08-28,2021-08-28,2021-09-03,2021-08-28,2021-08-28,1,1,551298.1222867437,2183776.614,9,551298.1222867437,2,2,1.430995617,0.941456663,761456,407764.928797,12,138.58333333333334,1766640,1663215,NA,NA,NA,NA,NA,NA,NA,NA,NA,Tropical Storms
overlap,New Orleans SMM xAOC,9,EM-3568-LA,TROPICAL STORM IDA,Hurricane,2021-08-28,2021-08-28,2021-08-28,2021-09-03,2021-08-28,2021-08-28,1,1,551298.1222867437,2183776.614,9,551298.1222867437,2,2,0,0.941456663,761456,407764.928797,12,138.58333333333334,1766640,1663215,NA,NA,NA,NA,NA,NA,NA,NA,NA,Tropical Storms
overlap,New Orleans SMM xAOC,9,EM-3569-MS,HURRICANE IDA,Hurricane,2021-08-28,2021-08-28,2021-08-28,2021-09-01,2021-08-28,2021-08-28,1,1,551298.1222867437,2183776.614,5,551298.1222867437,0,0,0.005743456,0.117086674,28630,6464.764835999999,2,63.625,1766640,206850,NA,NA,NA,NA,NA,NA,NA,NA,NA,Tropical Storms
overlap,New Orleans SMM xAOC,10,EM-3600-LA,SEAWATER INTRUSION,Other,2023-09-23,2023-10-07,2023-09-30,2024-02-09,2023-09-23,2023-10-07,15,15,2367142.056121774,6935136.938999999,143,1427362.8778405916,3,10,0.007630283,0.507021238,39655,316.44355683,0,182.5,1766640,895724,NA,NA,NA,NA,NA,NA,NA,NA,NA,Others
overlap,New York SMM xAOC,2,DR-4480-NY,COVID-19 PANDEMIC,Biological,2020-02-29,2020-03-21,2020-03-14,2020-04-16,2020-02-29,2020-03-21,22,22,14429938.428610848,51466892.3025,88,6958360.0155027155,40,54,0,1,NA,NA,NA,NA,21214705,21214705,NA,NA,NA,NA,NA,NA,NA,NA,NA,Biological
overlap,New York SMM xAOC,7,EM-3564-CT,HURRICANE HENRI,Hurricane,2021-08-21,2021-08-21,2021-08-21,2021-08-24,2021-08-21,2021-08-21,1,1,1259053.6165653914,11591204.5785,4,1259053.6165653914,0,0,0,0.681009187,2630,208.2800739,1,35.75,21214705,14447409,NA,NA,NA,NA,NA,NA,NA,NA,NA,Tropical Storms
overlap,Norfolk/Portsmouth/Newport News SMM xAOC,3,EM-3423-NC,HURRICANE DORIAN,Hurricane,2019-09-07,2019-09-07,2019-09-07,2019-09-09,2019-09-07,2019-09-07,1,1,801502.2779370977,2291046.105,9,801502.2779370977,6,6,0.021329997,0.31566539400000004,59305,6668.873069990001,9,37.09375,1018870,321622,NA,NA,NA,NA,NA,NA,NA,NA,NA,Tropical Storms
overlap,Norfolk/Portsmouth/Newport News SMM xAOC,4,DR-4487-NC,COVID-19 PANDEMIC,Biological,2020-03-14,2020-03-21,2020-03-21,2020-04-16,2020-03-14,2020-03-21,8,8,1183763.7395143653,3502243.5480000004,88,632371.4092071825,54,61,0,1,NA,NA,NA,NA,1018870,1018870,NA,NA,NA,NA,NA,NA,NA,NA,NA,Biological
overlap,Norfolk/Portsmouth/Newport News SMM xAOC,5,EM-3534-NC,HURRICANE ISAIAS,Hurricane,2020-08-01,2020-08-08,2020-08-08,2020-08-04,2020-08-01,2020-08-04,4,8,407296.7909143644,3221408.0235,5,252291.10540718236,1,8,3.24e-4,0.211959328,36237,6216.6719548,36,17.65625,1018870,215959,NA,NA,NA,NA,NA,NA,NA,NA,NA,Tropical Storms
overlap,Norfolk/Portsmouth/Newport News SMM xAOC,10,EM-3586-NC,HURRICANE IAN,Hurricane,2022-10-01,2022-10-01,2022-10-01,2022-10-04,2022-10-01,2022-10-01,1,1,283645.6678852381,1449059.2665,7,283645.6678852381,3,3,0,0.17509594,6468,400.98949181,0,2.03125,1018870,178400,NA,NA,NA,NA,NA,NA,NA,NA,NA,Tropical Storms
overlap,Orlando/Daytona Beach/Melborne SMM xAOC,1,EM-3419-FL,HURRICANE DORIAN,Hurricane,2019-08-31,2019-09-07,2019-08-31,2019-09-09,2019-08-31,2019-09-07,8,8,5429773.2406007685,13301722.4835,13,4279320.244100383,3,3,0.014475495,1,38635,882.6128455099999,9,36.083333333333336,4378612,4378612,NA,NA,NA,NA,NA,NA,NA,NA,NA,Tropical Storms
overlap,Orlando/Daytona Beach/Melborne SMM xAOC,2,DR-4486-FL,COVID-19 PANDEMIC,Biological,2020-03-07,2020-03-21,2020-03-21,2020-04-16,2020-03-07,2020-03-21,15,15,3894246.363845523,14157511.593,88,1653910.2087818393,47,61,0,1,NA,NA,NA,NA,4378612,4378612,NA,NA,NA,NA,NA,NA,NA,NA,NA,Biological
overlap,Orlando/Daytona Beach/Melborne SMM xAOC,3,EM-3533-FL,HURRICANE ISAIAS,Hurricane,2020-08-01,2020-08-01,2020-08-01,2020-08-04,2020-08-01,2020-08-01,1,1,836742.4257818381,4452658.1175,5,836742.4257818381,1,1,3.13e-5,0.802058278,7667,380.88443441,6,16.958333333333332,4378612,3511902,NA,NA,NA,NA,NA,NA,NA,NA,NA,Tropical Storms
overlap,Orlando/Daytona Beach/Melborne SMM xAOC,5,DR-4673-FL,HURRICANE IAN,Hurricane,2022-09-24,2022-10-01,2022-10-01,2022-11-04,2022-09-24,2022-10-01,8,8,4049668.727211859,11422232.125500001,43,2644608.3308059294,1,8,0.100461488,1,814847,33657.2600142,0,237.91666666666663,4378612,4378612,NA,NA,NA,NA,NA,NA,NA,NA,NA,Tropical Storms
overlap,Orlando/Daytona Beach/Melborne SMM xAOC,5,EM-3584-FL,TROPICAL STORM IAN,Hurricane,2022-09-24,2022-10-01,2022-10-01,2022-11-04,2022-09-24,2022-10-01,8,8,4049668.727211859,11422232.125500001,43,2644608.3308059294,1,8,0,1,814847,33657.2600142,0,237.91666666666663,4378612,4378612,NA,NA,NA,NA,NA,NA,NA,NA,NA,Tropical Storms
overlap,Orlando/Daytona Beach/Melborne SMM xAOC,6,DR-4680-FL,HURRICANE NICOLE,Hurricane,2022-11-12,2022-11-12,2022-11-12,2022-11-30,2022-11-12,2022-11-12,1,1,1039117.4726059297,4609565.1855,24,1039117.4726059297,5,5,0.023828316,1,270254,6956.3251383199995,0,91.52777777777776,4378612,4378612,NA,NA,NA,NA,NA,NA,NA,NA,NA,Tropical Storms
overlap,Orlando/Daytona Beach/Melborne SMM xAOC,6,EM-3587-FL,TROPICAL STORM NICOLE,Tropical Storm,2022-11-12,2022-11-12,2022-11-12,2022-11-30,2022-11-12,2022-11-12,1,1,1039117.4726059297,4609565.1855,24,1039117.4726059297,5,5,0,1,270254,6956.3251383199995,0,91.52777777777776,4378612,4378612,NA,NA,NA,NA,NA,NA,NA,NA,NA,Tropical Storms
overlap,Orlando/Daytona Beach/Melborne SMM xAOC,7,DR-4734-FL,HURRICANE IDALIA,Hurricane,2023-09-02,2023-09-02,2023-09-02,2023-09-04,2023-09-02,2023-09-02,1,1,561477.8058873797,5924808.4755,9,561477.8058873797,6,6,0.001762222,1,25240,870.41913037,1,28.47222222222222,4378612,4378612,7088541.949999999,0.2939672927087191,7739014.109999999,0.3209428740350866,NA,NA,NA,NA,NA,Tropical Storms
overlap,Orlando/Daytona Beach/Melborne SMM xAOC,7,EM-3596-FL,TROPICAL STORM IDALIA,Tropical Storm,2023-09-02,2023-09-02,2023-09-02,2023-09-04,2023-09-02,2023-09-02,1,1,561477.8058873797,5924808.4755,9,561477.8058873797,6,6,0,1,25240,870.41913037,1,28.47222222222222,4378612,4378612,NA,NA,NA,NA,NA,NA,NA,NA,NA,Tropical Storms
overlap,Philadelphia SMM xAOC,3,DR-4488-NJ,COVID-19 PANDEMIC,Biological,2020-03-07,2020-03-21,2020-03-14,2020-04-16,2020-03-07,2020-03-21,15,15,5839871.494240861,19641568.4085,88,3075608.5872136224,47,54,0,1,NA,NA,NA,NA,8151317,8151317,NA,NA,NA,NA,NA,NA,NA,NA,NA,Biological
overlap,Phoenix/Prescott SMM xAOC,2,DR-4524-AZ,COVID-19 PANDEMIC,Biological,2020-03-07,2020-03-21,2020-03-14,2020-04-16,2020-03-07,2020-03-21,15,15,3213421.8083056966,13807139.487,88,1343572.2888685656,47,54,0,1,NA,NA,NA,NA,5782504,5782504,NA,NA,NA,NA,NA,NA,NA,NA,NA,Biological
overlap,Phoenix/Prescott SMM xAOC,7,FM-5387-AZ,SPUR FIRE,Fire,2021-05-29,2021-06-05,2021-06-05,2021-05-29,2021-05-29,2021-05-29,1,8,816293.6939305188,8329835.1615,3,450904.04516525567,2,9,0,0.040823491,1068,281.3613215,6,16.75,5782504,236062,NA,NA,NA,NA,NA,NA,NA,NA,NA,Fire
overlap,Pittsburgh SMM xAOC,2,DR-4491-MD,COVID-19 PANDEMIC,Biological,2020-03-07,2020-03-21,2020-03-14,2020-04-16,2020-03-07,2020-03-21,15,15,1694168.6723345642,5657283.4845,88,921571.5656781883,47,54,0,1,NA,NA,NA,NA,2788713,2788713,NA,NA,NA,NA,NA,NA,NA,NA,NA,Biological
overlap,Portland OR SMM xAOC,1,DR-4481-WA,COVID-19 PANDEMIC,Biological,2020-02-29,2020-03-21,2020-03-14,2020-04-16,2020-02-29,2020-03-21,22,22,1183750.50438839,3842120.7644999996,88,407624.3644970978,40,54,0,1,NA,NA,NA,NA,3471552,3471552,NA,NA,NA,NA,NA,NA,NA,NA,NA,Biological
overlap,Portland OR SMM xAOC,2,DR-4584-WA,WILDFIRES AND STRAIGHT-LINE WINDS,Fire,2020-09-12,2020-09-19,2020-09-12,2020-09-19,2020-09-12,2020-09-19,8,8,526225.1067941942,2081971.2314999998,19,410351.00869709684,11,11,6.81e-5,0.003484321,0,0,0,0,3471552,12096,NA,NA,NA,NA,NA,NA,NA,NA,NA,Fire
overlap,Portland OR SMM xAOC,2,DR-4562-OR,WILDFIRES AND STRAIGHT-LINE WINDS,Fire,2020-09-12,2020-09-19,2020-09-12,2020-11-03,2020-09-12,2020-09-19,8,8,526225.1067941942,2081971.2314999998,58,410351.00869709684,5,5,0.020816044,0.747994845,184896,6156.0054356,23,356.90909090909093,3471552,2596703,NA,NA,NA,NA,NA,NA,NA,NA,NA,Fire
overlap,Portland OR SMM xAOC,2,FM-5356-OR,BEACHIE CREEK LIONSHEAD FIRE COMPLEX,Fire,2020-09-12,2020-09-19,2020-09-12,2020-10-15,2020-09-12,2020-09-19,8,8,526225.1067941942,2081971.2314999998,39,410351.00869709684,5,5,0,0.265011442,72806,4997.64542636,16,562.75,3471552,920001,NA,NA,NA,NA,NA,NA,NA,NA,NA,Fire
overlap,Portland OR SMM xAOC,2,EM-3542-OR,WILDFIRES,Fire,2020-09-12,2020-09-19,2020-09-12,2020-09-15,2020-09-12,2020-09-15,4,8,526225.1067941942,2081971.2314999998,8,410351.00869709684,4,4,0,0.46036787,121629,28316.65159,662,137,3471552,1598191,NA,NA,NA,NA,NA,NA,NA,NA,NA,Fire
overlap,Portland OR SMM xAOC,2,FM-5358-OR,POWERLINE FIRE,Fire,2020-09-12,2020-09-19,2020-09-12,2020-09-14,2020-09-12,2020-09-14,3,8,526225.1067941942,2081971.2314999998,7,410351.00869709684,4,4,0,0.173102117,18956,2526.8863,2,120.5,3471552,600933,NA,NA,NA,NA,NA,NA,NA,NA,NA,Fire
overlap,Portland OR SMM xAOC,2,FM-5362-OR,ECHO MOUNTAIN FIRE COMPLEX,Fire,2020-09-12,2020-09-19,2020-09-12,2020-09-22,2020-09-12,2020-09-19,8,8,526225.1067941942,2081971.2314999998,15,410351.00869709684,4,4,0,0.014438787,16512,2717.489104,1,304.5,3471552,50125,NA,NA,NA,NA,NA,NA,NA,NA,NA,Fire
overlap,Portland OR SMM xAOC,2,FM-5366-OR,RIVERSIDE FIRE,Fire,2020-09-12,2020-09-19,2020-09-12,2020-10-15,2020-09-12,2020-09-19,8,8,526225.1067941942,2081971.2314999998,38,410351.00869709684,4,4,0,0.120464565,47773,3289.200134,83,593.5,3471552,418199,NA,NA,NA,NA,NA,NA,NA,NA,NA,Fire
overlap,Portland OR SMM xAOC,2,FM-5368-OR,PIKE ROAD FIRE,Fire,2020-09-12,2020-09-19,2020-09-12,2020-09-14,2020-09-12,2020-09-14,3,8,526225.1067941942,2081971.2314999998,7,410351.00869709684,4,4,0,0.007815525,13517,1948.605017,1,78.25,3471552,27132,NA,NA,NA,NA,NA,NA,NA,NA,NA,Fire
overlap,Portland OR SMM xAOC,2,FM-5370-OR,CLAKAMAS COUNTY FIRE COMPLEX,Fire,2020-09-12,2020-09-19,2020-09-12,2020-10-06,2020-09-12,2020-09-19,8,8,526225.1067941942,2081971.2314999998,29,410351.00869709684,4,4,0,0.120464565,47773,4211.817727,83,487.75,3471552,418199,NA,NA,NA,NA,NA,NA,NA,NA,NA,Fire
overlap,Portland OR SMM xAOC,2,FM-5371-OR,CHEHALEM MOUNTAIN BALD PEAK FIRE,Fire,2020-09-12,2020-09-19,2020-09-12,2020-09-15,2020-09-12,2020-09-15,4,8,526225.1067941942,2081971.2314999998,8,410351.00869709684,4,4,0,0.203903038,27902,3541.34898,9,120.25,3471552,707860,NA,NA,NA,NA,NA,NA,NA,NA,NA,Fire
overlap,Portland OR SMM xAOC,8,FM-5454-OR,MILO MCIVER FIRE,Fire,2022-09-10,2022-09-10,2022-09-10,2022-09-12,2022-09-10,2022-09-10,1,1,145505.23904243472,1081892.5395,3,145505.23904243472,0,0,0,0.120464565,18782,9942.375,427,72,3471552,418199,NA,NA,NA,NA,NA,NA,NA,NA,NA,Fire
overlap,Providence RI/New Bedford MA SMM xAOC,3,DR-4496-MA,COVID-19 PANDEMIC,Biological,2020-03-07,2020-03-21,2020-03-14,2020-04-16,2020-03-07,2020-03-21,15,15,1228117.223517459,4216967.2335,88,702677.536639153,47,54,0,1,NA,NA,NA,NA,1623254,1623254,NA,NA,NA,NA,NA,NA,NA,NA,NA,Biological
overlap,Providence RI/New Bedford MA SMM xAOC,7,EM-3563-RI,HURRICANE HENRI,Hurricane,2021-08-21,2021-08-21,2021-08-21,2021-08-24,2021-08-21,2021-08-21,1,1,294745.16394190723,1471998.444,5,294745.16394190723,1,1,0,0.651874568,89892,18005.3270218,5,42.6,1623254,1058158,NA,NA,NA,NA,NA,NA,NA,NA,NA,Tropical Storms
overlap,Providence RI/New Bedford MA SMM xAOC,8,DR-4651-MA,SEVERE WINTER STORM AND SNOWSTORM,Snowstorm,2022-01-29,2022-01-29,2022-01-29,2022-01-29,2022-01-29,2022-01-29,1,1,202954.9123898939,1131926.367,2,202954.9123898939,1,1,0.007553786,1,43126,4387.600285,0,10,1623254,1623254,NA,NA,NA,NA,NA,NA,NA,NA,NA,Winter Storms
overlap,Raleigh/Durham/Fayetteville SMM xAOC,3,EM-3423-NC,HURRICANE DORIAN,Hurricane,2019-09-07,2019-09-07,2019-09-07,2019-09-09,2019-09-07,2019-09-07,1,1,1576303.4450693363,3910924.947,9,1576303.4450693363,6,6,2.9e-4,1,60117,2879.868374688057,20,16.136363636363637,3308111,3308111,NA,NA,NA,NA,NA,NA,NA,NA,NA,Tropical Storms
overlap,Raleigh/Durham/Fayetteville SMM xAOC,4,DR-4487-NC,COVID-19 PANDEMIC,Biological,2020-03-07,2020-03-28,2020-03-21,2020-04-16,2020-03-07,2020-03-28,22,22,2670334.4951021858,10283643.414,88,1097820.8241505458,47,61,0,1,NA,NA,NA,NA,3308111,3308111,NA,NA,NA,NA,NA,NA,NA,NA,NA,Biological
overlap,Raleigh/Durham/Fayetteville SMM xAOC,8,EM-3586-NC,HURRICANE IAN,Hurricane,2022-10-01,2022-10-01,2022-10-01,2022-10-04,2022-10-01,2022-10-01,1,1,568696.1706933724,2553461.562,7,568696.1706933724,3,3,1.34e-4,0.990712827,245712,26295.59341212,0,39.86363636363637,3308111,3277388,NA,NA,NA,NA,NA,NA,NA,NA,NA,Tropical Storms
overlap,Sacramento/Stockton/Modesto SMM xAOC,1,DR-4482-CA,COVID-19 PANDEMIC,Biological,2020-03-07,2020-03-21,2020-03-14,2020-04-16,2020-03-07,2020-03-21,15,15,2127739.079031255,6712281.924,88,857985.7148770848,47,54,0,1,NA,NA,NA,NA,4581114,4581114,NA,NA,NA,NA,NA,NA,NA,NA,NA,Biological
overlap,Sacramento/Stockton/Modesto SMM xAOC,6,DR-4610-CA,WILDFIRES,Fire,2021-08-07,2021-08-14,2021-08-14,2021-10-25,2021-08-07,2021-08-14,8,8,553332.808074872,4376295.5024999995,104,279851.892237436,24,31,0.019394942,0.112989548,34298,1646.2879169,3,1135.5,4581114,517618,NA,NA,NA,NA,NA,NA,NA,NA,NA,Fire
overlap,Sacramento/Stockton/Modesto SMM xAOC,6,FM-5400-CA,DIXIE FIRE,Fire,2021-08-07,2021-08-14,2021-08-14,2021-10-25,2021-08-07,2021-08-14,8,8,553332.808074872,4376295.5024999995,98,279851.892237436,18,25,0,0.004158814,0,0,0,0,4581114,19052,NA,NA,NA,NA,NA,NA,NA,NA,NA,Fire
overlap,Sacramento/Stockton/Modesto SMM xAOC,6,FM-5405-CA,RIVER FIRE,Fire,2021-08-07,2021-08-14,2021-08-14,2021-08-13,2021-08-07,2021-08-13,7,8,553332.808074872,4376295.5024999995,10,279851.892237436,3,10,0,0.08707882,0,0,0,0,4581114,398918,NA,NA,NA,NA,NA,NA,NA,NA,NA,Fire
overlap,Sacramento/Stockton/Modesto SMM xAOC,6,DR-4619-CA,WILDFIRES,Fire,2021-08-07,2021-08-14,2021-08-14,2021-10-21,2021-08-14,2021-08-14,1,8,553332.808074872,4376295.5024999995,69,279851.892237436,-7,0,0.015803292,0.042141933,7317,1802.257537,1,1528.5,4581114,193057,NA,NA,NA,NA,NA,NA,NA,NA,NA,Fire
overlap,Sacramento/Stockton/Modesto SMM xAOC,6,EM-3571-CA,CALDOR FIRE,Fire,2021-08-07,2021-08-14,2021-08-14,2021-10-21,2021-08-14,2021-08-14,1,8,553332.808074872,4376295.5024999995,69,279851.892237436,-7,0,0,0.180027172,27228,2115.19651844,3,675.75,4581114,824725,NA,NA,NA,NA,NA,NA,NA,NA,NA,Fire
overlap,Sacramento/Stockton/Modesto SMM xAOC,8,FM-5453-CA,MOSQUITO FIRE,Fire,2022-09-10,2022-09-10,2022-09-10,2022-09-26,2022-09-10,2022-09-10,1,1,405063.9806041962,2423115.6825,18,405063.9806041962,1,1,0,0.129220753,9147,1172.5214057,0,257.375,4581114,591975,NA,NA,NA,NA,NA,NA,NA,NA,NA,Fire
overlap,Salt Lake City SMM xAOC,1,DR-4523-NV,COVID-19 PANDEMIC,Biological,2020-03-07,2020-03-21,2020-03-14,2020-04-16,2020-03-07,2020-03-21,15,15,2264368.398189962,5728296.507,88,854590.343863321,47,54,0,1,NA,NA,NA,NA,3383184,3383184,NA,NA,NA,NA,NA,NA,NA,NA,NA,Biological
overlap,Salt Lake City SMM xAOC,1,DR-4548-UT,EARTHQUAKE AND AFTERSHOCKS,Earthquake,2020-03-07,2020-03-21,2020-03-14,2020-04-17,2020-03-18,2020-03-21,4,15,2264368.398189962,5728296.507,31,854590.343863321,-11,-4,0.021605419,0.447474627,67420,467.9280568,2,58,3383184,1513889,26697.84,0.00166651586702961,50167,0.00313149309087456,NA,NA,NA,NA,NA,Others
overlap,Salt Lake City SMM xAOC,3,FM-5388-UT,MAMMOTH FIRE,Fire,2021-06-05,2021-07-17,2021-06-19,2021-06-13,2021-06-05,2021-06-13,9,43,1555385.2005152535,10643409.5175,9,289657.63830217975,0,14,0,0.001477898,0,0,0,0,3383184,5000,NA,NA,NA,NA,NA,NA,NA,NA,NA,Fire
overlap,Salt Lake City SMM xAOC,3,FM-5391-UT,PACK CREEK FIRE,Fire,2021-06-05,2021-07-17,2021-06-19,2021-06-26,2021-06-10,2021-06-26,17,43,1555385.2005152535,10643409.5175,17,289657.63830217975,-5,9,0,0.004501085,0,0,0,0,3383184,15228,NA,NA,NA,NA,NA,NA,NA,NA,NA,Fire
overlap,Salt Lake City SMM xAOC,4,FM-5408-UT,PARLEYS CANYON FIRE,Fire,2021-08-07,2021-08-14,2021-08-14,2021-08-18,2021-08-14,2021-08-14,1,8,357400.3572043595,3024672.477,5,184497.74670218,-7,0,0,0.354892314,6544,448.2700502,2,31,3383184,1200666,NA,NA,NA,NA,NA,NA,NA,NA,NA,Fire
overlap,San Antonio SMM xAOC,2,DR-4485-TX,COVID-19 PANDEMIC,Biological,2020-03-07,2020-03-21,2020-03-21,2020-04-16,2020-03-07,2020-03-21,15,15,1684821.2893035125,6622861.0575,88,702559.0609345036,47,61,0,1,NA,NA,NA,NA,2880316,2880316,NA,NA,NA,NA,NA,NA,NA,NA,NA,Biological
overlap,San Diego SMM xAOC,1,DR-4482-CA,COVID-19 PANDEMIC,Biological,2020-03-07,2020-03-21,2020-03-14,2020-04-16,2020-03-07,2020-03-21,15,15,1559656.1946420039,5081730.9975,88,688081.9317140016,47,54,0,1,NA,NA,NA,NA,3330459,3330459,NA,NA,NA,NA,NA,NA,NA,NA,NA,Biological
overlap,San Francisco/Oakland/San Jose SMM xAOC,4,FM-5295-CA,KINCADE FIRE,Fire,2019-11-02,2019-11-02,2019-11-02,2019-11-07,2019-11-02,2019-11-02,1,1,252278.6153856048,1852388.1495,15,252278.6153856048,9,9,0,0.066280299,105823,27945.34134,340,345.25,7427818,492318,NA,NA,NA,NA,NA,NA,NA,NA,NA,Fire
overlap,San Francisco/Oakland/San Jose SMM xAOC,5,DR-4482-CA,COVID-19 PANDEMIC,Biological,2020-03-07,2020-03-21,2020-03-14,2020-04-16,2020-03-07,2020-03-21,15,15,2855648.1078339256,8110551.6525,88,1100632.139611309,47,54,0,1,NA,NA,NA,NA,7427818,7427818,NA,NA,NA,NA,NA,NA,NA,NA,NA,Biological
overlap,Seattle/Tacoma SMM xAOC,2,DR-4481-WA,COVID-19 PANDEMIC,Biological,2020-03-07,2020-03-21,2020-03-21,2020-04-16,2020-03-07,2020-03-21,15,15,1653334.244289053,4884092.163,88,587668.2326630172,47,61,0,1,NA,NA,NA,NA,5475507,5475507,NA,NA,NA,NA,NA,NA,NA,NA,NA,Biological
overlap,Seattle/Tacoma SMM xAOC,3,DR-4584-WA,WILDFIRES AND STRAIGHT-LINE WINDS,Fire,2020-09-12,2020-09-12,2020-09-12,2020-09-19,2020-09-12,2020-09-12,1,1,209833.28966301703,1345395.06,19,209833.28966301703,11,11,0.005169203,0.007898995,1059,190.4399869,1,169.75,5475507,43251,NA,NA,NA,NA,NA,NA,NA,NA,NA,Fire
overlap,Seattle/Tacoma SMM xAOC,3,FM-5351-WA,COLD SPRINGS/PEARL HILL FIRE,Fire,2020-09-12,2020-09-12,2020-09-12,2020-09-19,2020-09-12,2020-09-12,1,1,209833.28966301703,1345395.06,13,209833.28966301703,5,5,0,0.007898995,1059,263.3015203,1,169.75,5475507,43251,NA,NA,NA,NA,NA,NA,NA,NA,NA,Fire
overlap,Seattle/Tacoma SMM xAOC,3,FM-5352-WA,APPLE ACRES FIRE,Fire,2020-09-12,2020-09-12,2020-09-12,2020-09-15,2020-09-12,2020-09-12,1,1,209833.28966301703,1345395.06,9,209833.28966301703,5,5,0,0.014072304,143,45.94524573,1,19,5475507,77053,NA,NA,NA,NA,NA,NA,NA,NA,NA,Fire
overlap,Seattle/Tacoma SMM xAOC,3,FM-5360-WA,SUMNER GRADE FIRE,Fire,2020-09-12,2020-09-12,2020-09-12,2020-09-15,2020-09-12,2020-09-12,1,1,209833.28966301703,1345395.06,8,209833.28966301703,4,4,0,0.16541281,52571,6623.08855,1,111,5475507,905719,NA,NA,NA,NA,NA,NA,NA,NA,NA,Fire
overlap,Seattle/Tacoma SMM xAOC,9,FM-5468-WA,MCEWAN FIRE,Fire,2023-07-08,2023-07-08,2023-07-08,2023-07-22,2023-07-08,2023-07-08,1,1,185257.5644080022,1477637.355,19,185257.5644080022,4,4,0,0.012225169,0,0,0,0,5475507,66939,NA,NA,NA,NA,NA,NA,NA,NA,NA,Fire
overlap,St. Louis SMM xAOC,1,DR-4489-IL,COVID-19 PANDEMIC,Biological,2020-03-07,2020-03-21,2020-03-14,2020-04-16,2020-03-07,2020-03-21,15,15,1636998.1083843382,5410071.819,88,829023.3055281132,47,54,0,1,NA,NA,NA,NA,3185001,3185001,NA,NA,NA,NA,NA,NA,NA,NA,NA,Biological
overlap,Tampa/Ft. Myers SMM xAOC,1,EM-3419-FL,HURRICANE DORIAN,Hurricane,2019-08-31,2019-09-07,2019-08-31,2019-09-09,2019-08-31,2019-09-07,8,8,4421613.302653765,15000099.664499998,13,3195186.270126881,3,3,0,1,55095,869.746811641,15,21.828125,6487577,6487577,NA,NA,NA,NA,NA,NA,NA,NA,NA,Tropical Storms
overlap,Tampa/Ft. Myers SMM xAOC,2,DR-4486-FL,COVID-19 PANDEMIC,Biological,2020-03-07,2020-03-21,2020-03-21,2020-04-16,2020-03-07,2020-03-21,15,15,5653363.268485304,21157356.516000003,88,2715244.220028432,47,61,0,1,NA,NA,NA,NA,6487577,6487577,NA,NA,NA,NA,NA,NA,NA,NA,NA,Biological
overlap,Tampa/Ft. Myers SMM xAOC,5,EM-3561-FL,TROPICAL STORM ELSA,Severe Storm,2021-07-03,2021-07-10,2021-07-10,2021-07-08,2021-07-04,2021-07-08,5,8,1933359.6290600244,12906057.612,5,1243574.310280013,-1,6,2.41e-4,0.863301815,43134,2429.3965346,19,28.3125,6487577,5600737,NA,NA,NA,NA,NA,NA,NA,NA,NA,Severe Storms
overlap,Tampa/Ft. Myers SMM xAOC,7,DR-4673-FL,HURRICANE IAN,Hurricane,2022-09-24,2022-10-01,2022-10-01,2022-11-04,2022-09-24,2022-10-01,8,8,6453334.857163122,17271272.874,43,4371241.248681561,1,8,0.65810155,1,1957678,162683.02689389,0,274.78125,6487577,6487577,NA,NA,NA,NA,NA,NA,NA,NA,NA,Tropical Storms
overlap,Tampa/Ft. Myers SMM xAOC,7,EM-3584-FL,TROPICAL STORM IAN,Hurricane,2022-09-24,2022-10-01,2022-10-01,2022-11-04,2022-09-24,2022-10-01,8,8,6453334.857163122,17271272.874,43,4371241.248681561,1,8,0,1,1957678,162683.02689389,0,274.78125,6487577,6487577,NA,NA,NA,NA,NA,NA,NA,NA,NA,Tropical Storms
overlap,Tampa/Ft. Myers SMM xAOC,8,DR-4734-FL,HURRICANE IDALIA,Hurricane,2023-09-02,2023-09-02,2023-09-02,2023-09-04,2023-09-02,2023-09-02,1,1,2444879.4571831077,9571965.807,9,2444879.4571831077,6,6,0.007572604,0.975048774,93256,5080.259027040001,3,52.34615384615385,6487577,6325704,NA,NA,NA,NA,NA,NA,NA,NA,NA,Tropical Storms
overlap,Tampa/Ft. Myers SMM xAOC,8,EM-3596-FL,TROPICAL STORM IDALIA,Tropical Storm,2023-09-02,2023-09-02,2023-09-02,2023-09-04,2023-09-02,2023-09-02,1,1,2444879.4571831077,9571965.807,9,2444879.4571831077,6,6,0,0.975048774,93256,5080.259027040001,3,52.34615384615385,6487577,6325704,NA,NA,NA,NA,NA,NA,NA,NA,NA,Tropical Storms
overlap,Washington DC/Hagerstown SMM xAOC,3,DR-4491-MD,COVID-19 PANDEMIC,Biological,2020-03-07,2020-03-21,2020-03-14,2020-04-16,2020-03-07,2020-03-21,15,15,4713581.524221195,14576878.127999999,88,2122845.0161070665,47,54,0,1,NA,NA,NA,NA,6763886,6763886,0,0,56007.34,0.00724745227207614,NA,NA,NA,NA,NA,Biological
pos95_only,Albany/Schenectady/Troy SMM xAOC,1,NA,NA,NA,2019-01-19,2019-01-19,2019-01-19,NA,NA,NA,NA,1,104998.35412018711,727373.1855,NA,104998.35412018711,NA,NA,NA,NA,NA,NA,NA,NA,NA,NA,NA,NA,NA,NA,2019-01-19,2019-01-19,104998.35412018711,727373.1855,NA,Others
pos95_only,Albany/Schenectady/Troy SMM xAOC,2,NA,NA,NA,2019-07-06,2019-07-06,2019-07-06,NA,NA,NA,NA,1,106501.54312018747,909435.7455,NA,106501.54312018747,NA,NA,NA,NA,NA,NA,NA,NA,NA,NA,NA,NA,NA,NA,2019-07-06,2019-07-06,106501.54312018747,909435.7455,NA,Others
pos95_only,Albany/Schenectady/Troy SMM xAOC,4,NA,NA,NA,2021-01-30,2021-01-30,2021-01-30,NA,NA,NA,NA,1,94389.70770088001,655923.819,NA,94389.70770088001,NA,NA,NA,NA,NA,NA,NA,NA,NA,NA,NA,NA,NA,NA,2021-01-30,2021-01-30,94389.70770088001,655923.819,NA,Others
pos95_only,Albany/Schenectady/Troy SMM xAOC,5,NA,NA,NA,2021-05-22,2021-05-22,2021-05-22,NA,NA,NA,NA,1,186347.30970087892,919392.285,NA,186347.30970087892,NA,NA,NA,NA,NA,NA,NA,NA,NA,NA,NA,NA,NA,NA,2021-05-22,2021-05-22,186347.30970087892,919392.285,NA,Others
pos95_only,Albany/Schenectady/Troy SMM xAOC,6,NA,NA,NA,2021-06-12,2021-06-12,2021-06-12,NA,NA,NA,NA,1,95822.1684008789,842621.556,NA,95822.1684008789,NA,NA,NA,NA,NA,NA,NA,NA,NA,NA,NA,NA,NA,NA,2021-06-12,2021-06-12,95822.1684008789,842621.556,NA,Others
pos95_only,Albany/Schenectady/Troy SMM xAOC,7,NA,NA,NA,2021-06-26,2021-06-26,2021-06-26,NA,NA,NA,NA,1,140345.44410087867,885423.927,NA,140345.44410087867,NA,NA,NA,NA,NA,NA,NA,NA,NA,NA,NA,NA,NA,NA,2021-06-26,2021-06-26,140345.44410087867,885423.927,NA,Others
pos95_only,Albany/Schenectady/Troy SMM xAOC,8,NA,NA,NA,2022-02-26,2022-02-26,2022-02-26,NA,NA,NA,NA,1,88945.51211512613,708219.783,NA,88945.51211512613,NA,NA,NA,NA,NA,NA,NA,NA,NA,NA,NA,NA,NA,NA,2022-02-26,2022-02-26,88945.51211512613,708219.783,NA,Others
pos95_only,Albany/Schenectady/Troy SMM xAOC,9,NA,NA,NA,2022-05-14,2022-05-21,2022-05-14,NA,NA,NA,NA,8,176293.6793302535,1620609.6570000001,NA,89006.77751512709,NA,NA,NA,NA,NA,NA,NA,NA,NA,NA,NA,NA,NA,NA,2022-05-14,2022-05-21,176293.6793302535,1620609.6570000001,NA,Others
pos95_only,Albany/Schenectady/Troy SMM xAOC,10,NA,NA,NA,2022-07-23,2022-07-23,2022-07-23,NA,NA,NA,NA,1,117305.36711512669,976947.735,NA,117305.36711512669,NA,NA,NA,NA,NA,NA,NA,NA,NA,NA,NA,NA,NA,NA,2022-07-23,2022-07-23,117305.36711512669,976947.735,NA,Others
pos95_only,Atlanta SMM xAOC,1,NA,NA,NA,2019-05-04,2019-05-04,2019-05-04,NA,NA,NA,NA,1,375624.4227724448,3859383.1635,NA,375624.4227724448,NA,NA,NA,NA,NA,NA,NA,NA,NA,NA,NA,NA,NA,NA,2019-05-04,2019-05-04,375624.4227724448,3859383.1635,NA,Others
pos95_only,Atlanta SMM xAOC,2,NA,NA,NA,2019-06-01,2019-06-01,2019-06-01,NA,NA,NA,NA,1,464846.20957243955,4221147.72,NA,464846.20957243955,NA,NA,NA,NA,NA,NA,NA,NA,NA,NA,NA,NA,NA,NA,2019-06-01,2019-06-01,464846.20957243955,4221147.72,NA,Others
pos95_only,Atlanta SMM xAOC,4,NA,NA,NA,2020-11-21,2020-11-21,2020-11-21,NA,NA,NA,NA,1,404331.8962276322,3714574.1025,NA,404331.8962276322,NA,NA,NA,NA,NA,NA,NA,NA,NA,NA,NA,NA,NA,NA,2020-11-21,2020-11-21,404331.8962276322,3714574.1025,NA,Others
pos95_only,Atlanta SMM xAOC,5,NA,NA,NA,2022-01-15,2022-01-15,2022-01-15,NA,NA,NA,NA,1,635390.2481333059,4508380.368,NA,635390.2481333059,NA,NA,NA,NA,NA,NA,NA,NA,NA,NA,NA,NA,NA,NA,2022-01-15,2022-01-15,635390.2481333059,4508380.368,NA,Others
pos95_only,Atlanta SMM xAOC,6,NA,NA,NA,2022-05-07,2022-05-07,2022-05-07,NA,NA,NA,NA,1,389619.6254333081,4249793.8425,NA,389619.6254333081,NA,NA,NA,NA,NA,NA,NA,NA,NA,NA,NA,NA,NA,NA,2022-05-07,2022-05-07,389619.6254333081,4249793.8425,NA,Others
pos95_only,Atlanta SMM xAOC,7,NA,NA,NA,2022-05-21,2022-05-21,2022-05-21,NA,NA,NA,NA,1,364432.629833302,4415428.26,NA,364432.629833302,NA,NA,NA,NA,NA,NA,NA,NA,NA,NA,NA,NA,NA,NA,2022-05-21,2022-05-21,364432.629833302,4415428.26,NA,Others
pos95_only,Atlanta SMM xAOC,8,NA,NA,NA,2022-06-18,2022-06-25,2022-06-18,NA,NA,NA,NA,8,1011643.3843666082,9366281.7945,NA,570531.521933306,NA,NA,NA,NA,NA,NA,NA,NA,NA,NA,NA,NA,NA,NA,2022-06-18,2022-06-25,1011643.3843666082,9366281.7945,NA,Others
pos95_only,Atlanta SMM xAOC,9,NA,NA,NA,2022-12-24,2022-12-24,2022-12-24,NA,NA,NA,NA,1,400443.78713330487,4151319.3045,NA,400443.78713330487,NA,NA,NA,NA,NA,NA,NA,NA,NA,NA,NA,NA,NA,NA,2022-12-24,2022-12-24,400443.78713330487,4151319.3045,NA,Others
pos95_only,Atlanta SMM xAOC,10,NA,NA,NA,2023-04-22,2023-04-22,2023-04-22,NA,NA,NA,NA,1,367871.3288884922,4238688.954,NA,367871.3288884922,NA,NA,NA,NA,NA,NA,NA,NA,NA,NA,NA,NA,NA,NA,2023-04-22,2023-04-22,367871.3288884922,4238688.954,NA,Others
pos95_only,Austin SMM xAOC,1,NA,NA,NA,2019-09-14,2019-09-14,2019-09-14,NA,NA,NA,NA,1,177195.59373950562,1412029.0065,NA,177195.59373950562,NA,NA,NA,NA,NA,NA,NA,NA,NA,NA,NA,NA,NA,NA,2019-09-14,2019-09-14,177195.59373950562,1412029.0065,NA,Others
pos95_only,Austin SMM xAOC,3,NA,NA,NA,2020-11-21,2020-11-21,2020-11-21,NA,NA,NA,NA,1,157923.58510820288,1187843.244,NA,157923.58510820288,NA,NA,NA,NA,NA,NA,NA,NA,NA,NA,NA,NA,NA,NA,2020-11-21,2020-11-21,157923.58510820288,1187843.244,NA,Others
pos95_only,Austin SMM xAOC,4,NA,NA,NA,2021-02-27,2021-02-27,2021-02-27,NA,NA,NA,NA,1,497217.6278820657,1683740.532,NA,497217.6278820657,NA,NA,NA,NA,NA,NA,NA,NA,NA,NA,NA,NA,NA,NA,2021-02-27,2021-02-27,497217.6278820657,1683740.532,NA,Others
pos95_only,Austin SMM xAOC,5,NA,NA,NA,2022-01-22,2022-01-22,2022-01-22,NA,NA,NA,NA,1,144320.83985076193,1331803.893,NA,144320.83985076193,NA,NA,NA,NA,NA,NA,NA,NA,NA,NA,NA,NA,NA,NA,2022-01-22,2022-01-22,144320.83985076193,1331803.893,NA,Others
pos95_only,Austin SMM xAOC,6,NA,NA,NA,2022-02-05,2022-02-12,2022-02-05,NA,NA,NA,NA,8,499337.09410152584,2855516.409,NA,313164.7083507611,NA,NA,NA,NA,NA,NA,NA,NA,NA,NA,NA,NA,NA,NA,2022-02-05,2022-02-12,499337.09410152584,2855516.409,NA,Others
pos95_only,Austin SMM xAOC,7,NA,NA,NA,2022-04-09,2022-04-09,2022-04-09,NA,NA,NA,NA,1,126540.58835076285,1311093.7395,NA,126540.58835076285,NA,NA,NA,NA,NA,NA,NA,NA,NA,NA,NA,NA,NA,NA,2022-04-09,2022-04-09,126540.58835076285,1311093.7395,NA,Others
pos95_only,Austin SMM xAOC,8,NA,NA,NA,2022-05-14,2022-05-21,2022-05-21,NA,NA,NA,NA,8,296586.5026015267,2818889.1720000003,NA,173153.68985076202,NA,NA,NA,NA,NA,NA,NA,NA,NA,NA,NA,NA,NA,NA,2022-05-14,2022-05-21,296586.5026015267,2818889.1720000003,NA,Others
pos95_only,Austin SMM xAOC,9,NA,NA,NA,2022-12-24,2022-12-24,2022-12-24,NA,NA,NA,NA,1,314976.5652507632,1509000.0615,NA,314976.5652507632,NA,NA,NA,NA,NA,NA,NA,NA,NA,NA,NA,NA,NA,NA,2022-12-24,2022-12-24,314976.5652507632,1509000.0615,NA,Others
pos95_only,Baltimore SMM xAOC,1,NA,NA,NA,2019-06-01,2019-06-01,2019-06-01,NA,NA,NA,NA,1,139682.67489760858,1640590.1115,NA,139682.67489760858,NA,NA,NA,NA,NA,NA,NA,NA,NA,NA,NA,NA,NA,NA,2019-06-01,2019-06-01,139682.67489760858,1640590.1115,NA,Others
pos95_only,Baltimore SMM xAOC,3,NA,NA,NA,2020-07-04,2020-07-11,2020-07-04,NA,NA,NA,NA,8,312661.58037312375,3623097.7079999996,NA,177490.3196865616,NA,NA,NA,NA,NA,NA,NA,NA,NA,NA,NA,NA,NA,NA,2020-07-04,2020-07-11,312661.58037312375,3623097.7079999996,NA,Others
pos95_only,Baltimore SMM xAOC,4,NA,NA,NA,2020-07-25,2020-08-01,2020-07-25,NA,NA,NA,NA,8,260904.65577312186,3506165.9685000004,NA,131823.43528656103,NA,NA,NA,NA,NA,NA,NA,NA,NA,NA,NA,NA,NA,NA,2020-07-25,2020-08-01,260904.65577312186,3506165.9685000004,NA,Others
pos95_only,Baltimore SMM xAOC,5,NA,NA,NA,2020-11-14,2020-11-21,2020-11-21,NA,NA,NA,NA,8,370736.4593731228,3078359.8455,NA,185527.0133865613,NA,NA,NA,NA,NA,NA,NA,NA,NA,NA,NA,NA,NA,NA,2020-11-14,2020-11-21,370736.4593731228,3078359.8455,NA,Others
pos95_only,Baltimore SMM xAOC,6,NA,NA,NA,2021-07-03,2021-07-03,2021-07-03,NA,NA,NA,NA,1,149709.28768299217,1813171.1055,NA,149709.28768299217,NA,NA,NA,NA,NA,NA,NA,NA,NA,NA,NA,NA,NA,NA,2021-07-03,2021-07-03,149709.28768299217,1813171.1055,NA,Others
pos95_only,Baltimore SMM xAOC,7,NA,NA,NA,2022-09-10,2022-09-10,2022-09-10,NA,NA,NA,NA,1,243095.33387194388,1948740.687,NA,243095.33387194388,NA,NA,NA,NA,NA,NA,NA,NA,NA,NA,NA,NA,NA,NA,2022-09-10,2022-09-10,243095.33387194388,1948740.687,NA,Others
pos95_only,Baltimore SMM xAOC,8,NA,NA,NA,2023-04-22,2023-04-22,2023-04-22,NA,NA,NA,NA,1,167402.55906089395,1688146.818,NA,167402.55906089395,NA,NA,NA,NA,NA,NA,NA,NA,NA,NA,NA,NA,NA,NA,2023-04-22,2023-04-22,167402.55906089395,1688146.818,NA,Others
pos95_only,Birmingham/Anniston/Tuscaloosa SMM xAOC,1,NA,NA,NA,2019-06-01,2019-06-01,2019-06-01,NA,NA,NA,NA,1,95430.90311723633,1042903.161,NA,95430.90311723633,NA,NA,NA,NA,NA,NA,NA,NA,NA,NA,NA,NA,NA,NA,2019-06-01,2019-06-01,95430.90311723633,1042903.161,NA,Others
pos95_only,Birmingham/Anniston/Tuscaloosa SMM xAOC,2,NA,NA,NA,2019-10-05,2019-10-05,2019-10-05,NA,NA,NA,NA,1,94906.80521723698,1017534.9045,NA,94906.80521723698,NA,NA,NA,NA,NA,NA,NA,NA,NA,NA,NA,NA,NA,NA,2019-10-05,2019-10-05,94906.80521723698,1017534.9045,NA,Others
pos95_only,Birmingham/Anniston/Tuscaloosa SMM xAOC,4,NA,NA,NA,2020-11-21,2020-11-21,2020-11-21,NA,NA,NA,NA,1,140200.73652549367,939923.2455,NA,140200.73652549367,NA,NA,NA,NA,NA,NA,NA,NA,NA,NA,NA,NA,NA,NA,2020-11-21,2020-11-21,140200.73652549367,939923.2455,NA,Others
pos95_only,Birmingham/Anniston/Tuscaloosa SMM xAOC,5,NA,NA,NA,2021-01-09,2021-01-16,2021-01-16,NA,NA,NA,NA,8,218760.38842166343,1971832.3769999999,NA,123769.4761108323,NA,NA,NA,NA,NA,NA,NA,NA,NA,NA,NA,NA,NA,NA,2021-01-09,2021-01-16,218760.38842166343,1971832.3769999999,NA,Others
pos95_only,Birmingham/Anniston/Tuscaloosa SMM xAOC,6,NA,NA,NA,2021-05-22,2021-05-22,2021-05-22,NA,NA,NA,NA,1,104790.27371083095,1114434.366,NA,104790.27371083095,NA,NA,NA,NA,NA,NA,NA,NA,NA,NA,NA,NA,NA,NA,2021-05-22,2021-05-22,104790.27371083095,1114434.366,NA,Others
pos95_only,Birmingham/Anniston/Tuscaloosa SMM xAOC,7,NA,NA,NA,2021-08-07,2021-08-14,2021-08-07,NA,NA,NA,NA,8,211161.10432166373,2399497.596,NA,108146.03021083167,NA,NA,NA,NA,NA,NA,NA,NA,NA,NA,NA,NA,NA,NA,2021-08-07,2021-08-14,211161.10432166373,2399497.596,NA,Others
pos95_only,Birmingham/Anniston/Tuscaloosa SMM xAOC,8,NA,NA,NA,2022-05-07,2022-05-07,2022-05-07,NA,NA,NA,NA,1,99183.50201908941,1079453.595,NA,99183.50201908941,NA,NA,NA,NA,NA,NA,NA,NA,NA,NA,NA,NA,NA,NA,2022-05-07,2022-05-07,99183.50201908941,1079453.595,NA,Others
pos95_only,Birmingham/Anniston/Tuscaloosa SMM xAOC,9,NA,NA,NA,2022-06-18,2022-06-25,2022-06-18,NA,NA,NA,NA,8,271854.68963817577,2448460.8585,NA,145797.90671908855,NA,NA,NA,NA,NA,NA,NA,NA,NA,NA,NA,NA,NA,NA,2022-06-18,2022-06-25,271854.68963817577,2448460.8585,NA,Others
pos95_only,Boston/Manchester SMM xAOC,1,NA,NA,NA,2019-01-19,2019-01-19,2019-01-19,NA,NA,NA,NA,1,510484.21716913953,3797770.3665,NA,510484.21716913953,NA,NA,NA,NA,NA,NA,NA,NA,NA,NA,NA,NA,NA,NA,2019-01-19,2019-01-19,510484.21716913953,3797770.3665,NA,Others
pos95_only,Boston/Manchester SMM xAOC,2,NA,NA,NA,2019-07-06,2019-07-06,2019-07-06,NA,NA,NA,NA,1,574750.5660691415,4620734.7135,NA,574750.5660691415,NA,NA,NA,NA,NA,NA,NA,NA,NA,NA,NA,NA,NA,NA,2019-07-06,2019-07-06,574750.5660691415,4620734.7135,NA,Others
pos95_only,Boston/Manchester SMM xAOC,4,NA,NA,NA,2021-05-22,2021-05-22,2021-05-22,NA,NA,NA,NA,1,362093.535644474,4133234.028,NA,362093.535644474,NA,NA,NA,NA,NA,NA,NA,NA,NA,NA,NA,NA,NA,NA,2021-05-22,2021-05-22,362093.535644474,4133234.028,NA,Others
pos95_only,Boston/Manchester SMM xAOC,5,NA,NA,NA,2021-06-12,2021-06-12,2021-06-12,NA,NA,NA,NA,1,620211.3003444737,4611164.2215,NA,620211.3003444737,NA,NA,NA,NA,NA,NA,NA,NA,NA,NA,NA,NA,NA,NA,2021-06-12,2021-06-12,620211.3003444737,4611164.2215,NA,Others
pos95_only,Boston/Manchester SMM xAOC,6,NA,NA,NA,2021-07-03,2021-07-03,2021-07-03,NA,NA,NA,NA,1,398773.4538444737,4804812.1725,NA,398773.4538444737,NA,NA,NA,NA,NA,NA,NA,NA,NA,NA,NA,NA,NA,NA,2021-07-03,2021-07-03,398773.4538444737,4804812.1725,NA,Others
pos95_only,Boston/Manchester SMM xAOC,9,NA,NA,NA,2022-05-21,2022-05-21,2022-05-21,NA,NA,NA,NA,1,588243.9109265441,4463492.4015,NA,588243.9109265441,NA,NA,NA,NA,NA,NA,NA,NA,NA,NA,NA,NA,NA,NA,2022-05-21,2022-05-21,588243.9109265441,4463492.4015,NA,Others
pos95_only,Boston/Manchester SMM xAOC,10,NA,NA,NA,2022-07-23,2022-07-23,2022-07-23,NA,NA,NA,NA,1,457508.08782654814,4956614.9475,NA,457508.08782654814,NA,NA,NA,NA,NA,NA,NA,NA,NA,NA,NA,NA,NA,NA,2022-07-23,2022-07-23,457508.08782654814,4956614.9475,NA,Others
pos95_only,Boston/Manchester SMM xAOC,11,NA,NA,NA,2022-08-06,2022-08-06,2022-08-06,NA,NA,NA,NA,1,432953.70402654447,4914114.987,NA,432953.70402654447,NA,NA,NA,NA,NA,NA,NA,NA,NA,NA,NA,NA,NA,NA,2022-08-06,2022-08-06,432953.70402654447,4914114.987,NA,Others
pos95_only,Buffalo SMM xAOC,1,NA,NA,NA,2019-01-19,2019-01-19,2019-01-19,NA,NA,NA,NA,1,94100.45645875129,602252.286,NA,94100.45645875129,NA,NA,NA,NA,NA,NA,NA,NA,NA,NA,NA,NA,NA,NA,2019-01-19,2019-01-19,94100.45645875129,602252.286,NA,Others
pos95_only,Buffalo SMM xAOC,3,NA,NA,NA,2020-07-11,2020-07-11,2020-07-11,NA,NA,NA,NA,1,114562.15249015612,886737.7635,NA,114562.15249015612,NA,NA,NA,NA,NA,NA,NA,NA,NA,NA,NA,NA,NA,NA,2020-07-11,2020-07-11,114562.15249015612,886737.7635,NA,Others
pos95_only,Buffalo SMM xAOC,4,NA,NA,NA,2020-11-21,2020-11-21,2020-11-21,NA,NA,NA,NA,1,105870.64849015605,653358.2205,NA,105870.64849015605,NA,NA,NA,NA,NA,NA,NA,NA,NA,NA,NA,NA,NA,NA,2020-11-21,2020-11-21,105870.64849015605,653358.2205,NA,Others
pos95_only,Buffalo SMM xAOC,5,NA,NA,NA,2021-05-22,2021-05-22,2021-05-22,NA,NA,NA,NA,1,105694.14948562498,761853.573,NA,105694.14948562498,NA,NA,NA,NA,NA,NA,NA,NA,NA,NA,NA,NA,NA,NA,2021-05-22,2021-05-22,105694.14948562498,761853.573,NA,Others
pos95_only,Buffalo SMM xAOC,6,NA,NA,NA,2021-06-12,2021-06-12,2021-06-12,NA,NA,NA,NA,1,205877.190185625,961452.6465,NA,205877.190185625,NA,NA,NA,NA,NA,NA,NA,NA,NA,NA,NA,NA,NA,NA,2021-06-12,2021-06-12,205877.190185625,961452.6465,NA,Others
pos95_only,Buffalo SMM xAOC,7,NA,NA,NA,2021-07-03,2021-07-03,2021-07-03,NA,NA,NA,NA,1,131571.89478562493,995707.8465,NA,131571.89478562493,NA,NA,NA,NA,NA,NA,NA,NA,NA,NA,NA,NA,NA,NA,2021-07-03,2021-07-03,131571.89478562493,995707.8465,NA,Others
pos95_only,Buffalo SMM xAOC,8,NA,NA,NA,2021-08-14,2021-08-14,2021-08-14,NA,NA,NA,NA,1,105441.11598562577,912144.081,NA,105441.11598562577,NA,NA,NA,NA,NA,NA,NA,NA,NA,NA,NA,NA,NA,NA,2021-08-14,2021-08-14,105441.11598562577,912144.081,NA,Others
pos95_only,Buffalo SMM xAOC,9,NA,NA,NA,2021-08-28,2021-09-04,2021-08-28,NA,NA,NA,NA,8,238778.23567125073,1773608.1165,NA,139998.1924856255,NA,NA,NA,NA,NA,NA,NA,NA,NA,NA,NA,NA,NA,NA,2021-08-28,2021-09-04,238778.23567125073,1773608.1165,NA,Others
pos95_only,Buffalo SMM xAOC,10,NA,NA,NA,2022-05-14,2022-05-14,2022-05-14,NA,NA,NA,NA,1,97827.81721702998,783165.8385,NA,97827.81721702998,NA,NA,NA,NA,NA,NA,NA,NA,NA,NA,NA,NA,NA,NA,2022-05-14,2022-05-14,97827.81721702998,783165.8385,NA,Others
pos95_only,Charlotte SMM xAOC,1,NA,NA,NA,2019-06-01,2019-06-01,2019-06-01,NA,NA,NA,NA,1,301995.8232739209,2061976.3635,NA,301995.8232739209,NA,NA,NA,NA,NA,NA,NA,NA,NA,NA,NA,NA,NA,NA,2019-06-01,2019-06-01,301995.8232739209,2061976.3635,NA,Others
pos95_only,Charlotte SMM xAOC,4,NA,NA,NA,2020-11-21,2020-11-21,2020-11-21,NA,NA,NA,NA,1,218288.93478918122,1796204.9865,NA,218288.93478918122,NA,NA,NA,NA,NA,NA,NA,NA,NA,NA,NA,NA,NA,NA,2020-11-21,2020-11-21,218288.93478918122,1796204.9865,NA,Others
pos95_only,Charlotte SMM xAOC,5,NA,NA,NA,2021-09-04,2021-09-04,2021-09-04,NA,NA,NA,NA,1,187335.04129703995,2129808.8715,NA,187335.04129703995,NA,NA,NA,NA,NA,NA,NA,NA,NA,NA,NA,NA,NA,NA,2021-09-04,2021-09-04,187335.04129703995,2129808.8715,NA,Others
pos95_only,Charlotte SMM xAOC,6,NA,NA,NA,2021-10-23,2021-10-23,2021-10-23,NA,NA,NA,NA,1,202049.84899704065,1941988.9695,NA,202049.84899704065,NA,NA,NA,NA,NA,NA,NA,NA,NA,NA,NA,NA,NA,NA,2021-10-23,2021-10-23,202049.84899704065,1941988.9695,NA,Others
pos95_only,Charlotte SMM xAOC,7,NA,NA,NA,2022-01-15,2022-01-15,2022-01-15,NA,NA,NA,NA,1,293491.99021229986,2107802.238,NA,293491.99021229986,NA,NA,NA,NA,NA,NA,NA,NA,NA,NA,NA,NA,NA,NA,2022-01-15,2022-01-15,293491.99021229986,2107802.238,NA,Others
pos95_only,Charlotte SMM xAOC,8,NA,NA,NA,2022-04-30,2022-04-30,2022-04-30,NA,NA,NA,NA,1,188874.10711229988,1946928.6495,NA,188874.10711229988,NA,NA,NA,NA,NA,NA,NA,NA,NA,NA,NA,NA,NA,NA,2022-04-30,2022-04-30,188874.10711229988,1946928.6495,NA,Others
pos95_only,Charlotte SMM xAOC,9,NA,NA,NA,2022-05-21,2022-05-21,2022-05-21,NA,NA,NA,NA,1,175631.80471229833,2016552.642,NA,175631.80471229833,NA,NA,NA,NA,NA,NA,NA,NA,NA,NA,NA,NA,NA,NA,2022-05-21,2022-05-21,175631.80471229833,2016552.642,NA,Others
pos95_only,Chicago SMM xAOC,1,NA,NA,NA,2019-07-06,2019-07-06,2019-07-06,NA,NA,NA,NA,1,597545.4013405181,5732904.18,NA,597545.4013405181,NA,NA,NA,NA,NA,NA,NA,NA,NA,NA,NA,NA,NA,NA,2019-07-06,2019-07-06,597545.4013405181,5732904.18,NA,Others
pos95_only,Chicago SMM xAOC,2,NA,NA,NA,2019-07-20,2019-07-20,2019-07-20,NA,NA,NA,NA,1,453464.1754405191,5253569.055,NA,453464.1754405191,NA,NA,NA,NA,NA,NA,NA,NA,NA,NA,NA,NA,NA,NA,2019-07-20,2019-07-20,453464.1754405191,5253569.055,NA,Others
pos95_only,Chicago SMM xAOC,4,NA,NA,NA,2020-07-11,2020-07-11,2020-07-11,NA,NA,NA,NA,1,577046.8465779293,5505088.047,NA,577046.8465779293,NA,NA,NA,NA,NA,NA,NA,NA,NA,NA,NA,NA,NA,NA,2020-07-11,2020-07-11,577046.8465779293,5505088.047,NA,Others
pos95_only,Chicago SMM xAOC,5,NA,NA,NA,2020-08-29,2020-08-29,2020-08-29,NA,NA,NA,NA,1,418163.12477792613,5150240.7855,NA,418163.12477792613,NA,NA,NA,NA,NA,NA,NA,NA,NA,NA,NA,NA,NA,NA,2020-08-29,2020-08-29,418163.12477792613,5150240.7855,NA,Others
pos95_only,Chicago SMM xAOC,6,NA,NA,NA,2020-11-21,2020-11-21,2020-11-21,NA,NA,NA,NA,1,590523.223977928,4645706.2905,NA,590523.223977928,NA,NA,NA,NA,NA,NA,NA,NA,NA,NA,NA,NA,NA,NA,2020-11-21,2020-11-21,590523.223977928,4645706.2905,NA,Others
pos95_only,Chicago SMM xAOC,7,NA,NA,NA,2021-05-08,2021-05-08,2021-05-08,NA,NA,NA,NA,1,554373.475156445,4825717.9245,NA,554373.475156445,NA,NA,NA,NA,NA,NA,NA,NA,NA,NA,NA,NA,NA,NA,2021-05-08,2021-05-08,554373.475156445,4825717.9245,NA,Others
pos95_only,Chicago SMM xAOC,8,NA,NA,NA,2021-05-29,2021-05-29,2021-05-29,NA,NA,NA,NA,1,539034.8753564451,5168643.4215,NA,539034.8753564451,NA,NA,NA,NA,NA,NA,NA,NA,NA,NA,NA,NA,NA,NA,2021-05-29,2021-05-29,539034.8753564451,5168643.4215,NA,Others
pos95_only,Chicago SMM xAOC,9,NA,NA,NA,2021-06-12,2021-06-12,2021-06-12,NA,NA,NA,NA,1,564504.5342564378,5516402.4495,NA,564504.5342564378,NA,NA,NA,NA,NA,NA,NA,NA,NA,NA,NA,NA,NA,NA,2021-06-12,2021-06-12,564504.5342564378,5516402.4495,NA,Others
pos95_only,Chicago SMM xAOC,10,NA,NA,NA,2022-05-14,2022-05-21,2022-05-14,NA,NA,NA,NA,8,921273.9806877011,10046342.928,NA,475277.41889385413,NA,NA,NA,NA,NA,NA,NA,NA,NA,NA,NA,NA,NA,NA,2022-05-14,2022-05-21,921273.9806877011,10046342.928,NA,Others
pos95_only,Cincinnati SMM xAOC,2,NA,NA,NA,2020-07-04,2020-07-11,2020-07-04,NA,NA,NA,NA,8,318628.0132349676,2643851.877,NA,184592.27166748373,NA,NA,NA,NA,NA,NA,NA,NA,NA,NA,NA,NA,NA,NA,2020-07-04,2020-07-11,318628.0132349676,2643851.877,NA,Others
pos95_only,Cincinnati SMM xAOC,3,NA,NA,NA,2020-11-21,2020-11-21,2020-11-21,NA,NA,NA,NA,1,130344.04266748345,1019992.9065,NA,130344.04266748345,NA,NA,NA,NA,NA,NA,NA,NA,NA,NA,NA,NA,NA,NA,2020-11-21,2020-11-21,130344.04266748345,1019992.9065,NA,Others
pos95_only,Cincinnati SMM xAOC,4,NA,NA,NA,2021-05-01,2021-05-01,2021-05-01,NA,NA,NA,NA,1,128333.32100595126,1103323.2975,NA,128333.32100595126,NA,NA,NA,NA,NA,NA,NA,NA,NA,NA,NA,NA,NA,NA,2021-05-01,2021-05-01,128333.32100595126,1103323.2975,NA,Others
pos95_only,Cincinnati SMM xAOC,5,NA,NA,NA,2021-05-29,2021-05-29,2021-05-29,NA,NA,NA,NA,1,162752.4911059523,1327676.595,NA,162752.4911059523,NA,NA,NA,NA,NA,NA,NA,NA,NA,NA,NA,NA,NA,NA,2021-05-29,2021-05-29,162752.4911059523,1327676.595,NA,Others
pos95_only,Cincinnati SMM xAOC,6,NA,NA,NA,2021-07-03,2021-07-03,2021-07-03,NA,NA,NA,NA,1,162892.43210595078,1371133.2405,NA,162892.43210595078,NA,NA,NA,NA,NA,NA,NA,NA,NA,NA,NA,NA,NA,NA,2021-07-03,2021-07-03,162892.43210595078,1371133.2405,NA,Others
pos95_only,Cincinnati SMM xAOC,7,NA,NA,NA,2022-05-21,2022-05-21,2022-05-21,NA,NA,NA,NA,1,120206.89347954094,1233823.0335,NA,120206.89347954094,NA,NA,NA,NA,NA,NA,NA,NA,NA,NA,NA,NA,NA,NA,2022-05-21,2022-05-21,120206.89347954094,1233823.0335,NA,Others
pos95_only,Cincinnati SMM xAOC,8,NA,NA,NA,2022-06-18,2022-06-18,2022-06-18,NA,NA,NA,NA,1,164021.854479542,1366648.2825,NA,164021.854479542,NA,NA,NA,NA,NA,NA,NA,NA,NA,NA,NA,NA,NA,NA,2022-06-18,2022-06-18,164021.854479542,1366648.2825,NA,Others
pos95_only,Cincinnati SMM xAOC,9,NA,NA,NA,2023-02-18,2023-02-25,2023-02-18,NA,NA,NA,NA,8,592037.7724062644,2772913.1865,NA,447319.4946531323,NA,NA,NA,NA,NA,NA,NA,NA,NA,NA,NA,NA,NA,NA,2023-02-18,2023-02-25,592037.7724062644,2772913.1865,NA,Others
pos95_only,Cleveland/Akron/Canton SMM xAOC,1,NA,NA,NA,2019-01-19,2019-01-19,2019-01-19,NA,NA,NA,NA,1,245126.1456182145,1508889.4335,NA,245126.1456182145,NA,NA,NA,NA,NA,NA,NA,NA,NA,NA,NA,NA,NA,NA,2019-01-19,2019-01-19,245126.1456182145,1508889.4335,NA,Others
pos95_only,Cleveland/Akron/Canton SMM xAOC,2,NA,NA,NA,2019-07-06,2019-07-06,2019-07-06,NA,NA,NA,NA,1,187382.50471821567,1872156.057,NA,187382.50471821567,NA,NA,NA,NA,NA,NA,NA,NA,NA,NA,NA,NA,NA,NA,2019-07-06,2019-07-06,187382.50471821567,1872156.057,NA,Others
pos95_only,Cleveland/Akron/Canton SMM xAOC,4,NA,NA,NA,2020-07-04,2020-07-04,2020-07-04,NA,NA,NA,NA,1,179221.46682101558,1928320.0005,NA,179221.46682101558,NA,NA,NA,NA,NA,NA,NA,NA,NA,NA,NA,NA,NA,NA,2020-07-04,2020-07-04,179221.46682101558,1928320.0005,NA,Others
pos95_only,Cleveland/Akron/Canton SMM xAOC,5,NA,NA,NA,2020-11-21,2020-11-21,2020-11-21,NA,NA,NA,NA,1,194683.39002101566,1464602.9235,NA,194683.39002101566,NA,NA,NA,NA,NA,NA,NA,NA,NA,NA,NA,NA,NA,NA,2020-11-21,2020-11-21,194683.39002101566,1464602.9235,NA,Others
pos95_only,Cleveland/Akron/Canton SMM xAOC,6,NA,NA,NA,2021-05-22,2021-05-29,2021-05-22,NA,NA,NA,NA,8,378508.4883015859,3539346.813,NA,189757.16475079162,NA,NA,NA,NA,NA,NA,NA,NA,NA,NA,NA,NA,NA,NA,2021-05-22,2021-05-29,378508.4883015859,3539346.813,NA,Others
pos95_only,Cleveland/Akron/Canton SMM xAOC,7,NA,NA,NA,2021-08-28,2021-08-28,2021-08-28,NA,NA,NA,NA,1,214526.2342507923,1805242.005,NA,214526.2342507923,NA,NA,NA,NA,NA,NA,NA,NA,NA,NA,NA,NA,NA,NA,2021-08-28,2021-08-28,214526.2342507923,1805242.005,NA,Others
pos95_only,Cleveland/Akron/Canton SMM xAOC,8,NA,NA,NA,2022-02-05,2022-02-05,2022-02-05,NA,NA,NA,NA,1,202384.97755359136,1591985.439,NA,202384.97755359136,NA,NA,NA,NA,NA,NA,NA,NA,NA,NA,NA,NA,NA,NA,2022-02-05,2022-02-05,202384.97755359136,1591985.439,NA,Others
pos95_only,Cleveland/Akron/Canton SMM xAOC,9,NA,NA,NA,2022-06-18,2022-06-25,2022-06-18,NA,NA,NA,NA,8,401599.99490718404,3743991.243,NA,220458.46285359282,NA,NA,NA,NA,NA,NA,NA,NA,NA,NA,NA,NA,NA,NA,2022-06-18,2022-06-25,401599.99490718404,3743991.243,NA,Others
pos95_only,Dallas/Ft. Worth SMM xAOC,2,NA,NA,NA,2020-11-21,2020-11-21,2020-11-21,NA,NA,NA,NA,1,1259445.8323428063,6905211.687,NA,1259445.8323428063,NA,NA,NA,NA,NA,NA,NA,NA,NA,NA,NA,NA,NA,NA,2020-11-21,2020-11-21,1259445.8323428063,6905211.687,NA,Others
pos95_only,Dallas/Ft. Worth SMM xAOC,4,NA,NA,NA,2022-02-05,2022-02-05,2022-02-05,NA,NA,NA,NA,1,1760341.8405676074,7901292.2505,NA,1760341.8405676074,NA,NA,NA,NA,NA,NA,NA,NA,NA,NA,NA,NA,NA,NA,2022-02-05,2022-02-05,1760341.8405676074,7901292.2505,NA,Others
pos95_only,Dallas/Ft. Worth SMM xAOC,5,NA,NA,NA,2022-05-14,2022-05-21,2022-05-21,NA,NA,NA,NA,8,1982634.3937352402,15403404.807,NA,1128132.2340676114,NA,NA,NA,NA,NA,NA,NA,NA,NA,NA,NA,NA,NA,NA,2022-05-14,2022-05-21,1982634.3937352402,15403404.807,NA,Others
pos95_only,Dallas/Ft. Worth SMM xAOC,6,NA,NA,NA,2022-07-02,2022-07-02,2022-07-02,NA,NA,NA,NA,1,920021.0712676188,8568212.2815,NA,920021.0712676188,NA,NA,NA,NA,NA,NA,NA,NA,NA,NA,NA,NA,NA,NA,2022-07-02,2022-07-02,920021.0712676188,8568212.2815,NA,Others
pos95_only,Dallas/Ft. Worth SMM xAOC,8,NA,NA,NA,2022-12-24,2022-12-24,2022-12-24,NA,NA,NA,NA,1,883530.0003676182,6871899.2955,NA,883530.0003676182,NA,NA,NA,NA,NA,NA,NA,NA,NA,NA,NA,NA,NA,NA,2022-12-24,2022-12-24,883530.0003676182,6871899.2955,NA,Others
pos95_only,Dayton SMM xAOC,1,NA,NA,NA,2019-02-16,2019-02-16,2019-02-16,NA,NA,NA,NA,1,212030.50295516045,819345.036,NA,212030.50295516045,NA,NA,NA,NA,NA,NA,NA,NA,NA,NA,NA,NA,NA,NA,2019-02-16,2019-02-16,212030.50295516045,819345.036,NA,Others
pos95_only,Dayton SMM xAOC,2,NA,NA,NA,2019-06-01,2019-06-01,2019-06-01,NA,NA,NA,NA,1,490587.260455161,1274096.052,NA,490587.260455161,NA,NA,NA,NA,NA,NA,NA,NA,NA,NA,NA,NA,NA,NA,2019-06-01,2019-06-01,490587.260455161,1274096.052,NA,Others
pos95_only,Dayton SMM xAOC,4,NA,NA,NA,2020-07-04,2020-07-11,2020-07-04,NA,NA,NA,NA,8,189097.43885834538,1599687.1469999999,NA,109006.87127917272,NA,NA,NA,NA,NA,NA,NA,NA,NA,NA,NA,NA,NA,NA,2020-07-04,2020-07-11,189097.43885834538,1599687.1469999999,NA,Others
pos95_only,Dayton SMM xAOC,5,NA,NA,NA,2020-11-21,2020-11-21,2020-11-21,NA,NA,NA,NA,1,83784.49517917249,651295.4535,NA,83784.49517917249,NA,NA,NA,NA,NA,NA,NA,NA,NA,NA,NA,NA,NA,NA,2020-11-21,2020-11-21,83784.49517917249,651295.4535,NA,Others
pos95_only,Dayton SMM xAOC,6,NA,NA,NA,2021-05-29,2021-05-29,2021-05-29,NA,NA,NA,NA,1,96463.17759787769,808014.993,NA,96463.17759787769,NA,NA,NA,NA,NA,NA,NA,NA,NA,NA,NA,NA,NA,NA,2021-05-29,2021-05-29,96463.17759787769,808014.993,NA,Others
pos95_only,Dayton SMM xAOC,7,NA,NA,NA,2021-07-03,2021-07-03,2021-07-03,NA,NA,NA,NA,1,93471.8751978766,825438.114,NA,93471.8751978766,NA,NA,NA,NA,NA,NA,NA,NA,NA,NA,NA,NA,NA,NA,2021-07-03,2021-07-03,93471.8751978766,825438.114,NA,Others
pos95_only,Dayton SMM xAOC,8,NA,NA,NA,2021-08-28,2021-08-28,2021-08-28,NA,NA,NA,NA,1,77994.08199787687,776756.034,NA,77994.08199787687,NA,NA,NA,NA,NA,NA,NA,NA,NA,NA,NA,NA,NA,NA,2021-08-28,2021-08-28,77994.08199787687,776756.034,NA,Others
pos95_only,Dayton SMM xAOC,9,NA,NA,NA,2022-02-05,2022-02-05,2022-02-05,NA,NA,NA,NA,1,123636.2105218881,735755.8095,NA,123636.2105218881,NA,NA,NA,NA,NA,NA,NA,NA,NA,NA,NA,NA,NA,NA,2022-02-05,2022-02-05,123636.2105218881,735755.8095,NA,Others
pos95_only,Dayton SMM xAOC,10,NA,NA,NA,2022-06-18,2022-06-18,2022-06-18,NA,NA,NA,NA,1,101098.18042188871,822117.999,NA,101098.18042188871,NA,NA,NA,NA,NA,NA,NA,NA,NA,NA,NA,NA,NA,NA,2022-06-18,2022-06-18,101098.18042188871,822117.999,NA,Others
pos95_only,Denver SMM xAOC,2,NA,NA,NA,2020-11-21,2020-11-21,2020-11-21,NA,NA,NA,NA,1,181164.1412052568,1582419.8025,NA,181164.1412052568,NA,NA,NA,NA,NA,NA,NA,NA,NA,NA,NA,NA,NA,NA,2020-11-21,2020-11-21,181164.1412052568,1582419.8025,NA,Others
pos95_only,Denver SMM xAOC,3,NA,NA,NA,2021-03-13,2021-03-13,2021-03-13,NA,NA,NA,NA,1,381590.746391217,2160013.2705,NA,381590.746391217,NA,NA,NA,NA,NA,NA,NA,NA,NA,NA,NA,NA,NA,NA,2021-03-13,2021-03-13,381590.746391217,2160013.2705,NA,Others
pos95_only,Denver SMM xAOC,4,NA,NA,NA,2021-06-05,2021-06-19,2021-06-19,NA,NA,NA,NA,15,749630.3399736441,6360433.7085,NA,308589.7912912164,NA,NA,NA,NA,NA,NA,NA,NA,NA,NA,NA,NA,NA,NA,2021-06-05,2021-06-19,749630.3399736441,6360433.7085,NA,Others
pos95_only,Denver SMM xAOC,5,NA,NA,NA,2022-05-14,2022-05-21,2022-05-21,NA,NA,NA,NA,8,351792.95789827686,3626001.129,NA,216724.80254913634,NA,NA,NA,NA,NA,NA,NA,NA,NA,NA,NA,NA,NA,NA,2022-05-14,2022-05-21,351792.95789827686,3626001.129,NA,Others
pos95_only,Denver SMM xAOC,6,NA,NA,NA,2022-06-18,2022-06-25,2022-06-18,NA,NA,NA,NA,8,392727.4136982749,4364053.0635,NA,236515.14914913895,NA,NA,NA,NA,NA,NA,NA,NA,NA,NA,NA,NA,NA,NA,2022-06-18,2022-06-25,392727.4136982749,4364053.0635,NA,Others
pos95_only,Denver SMM xAOC,7,NA,NA,NA,2023-07-01,2023-07-01,2023-07-01,NA,NA,NA,NA,1,131831.92300705984,2211124.584,NA,131831.92300705984,NA,NA,NA,NA,NA,NA,NA,NA,NA,NA,NA,NA,NA,NA,2023-07-01,2023-07-01,131831.92300705984,2211124.584,NA,Others
pos95_only,Detroit SMM xAOC,2,NA,NA,NA,2020-07-04,2020-07-11,2020-07-04,NA,NA,NA,NA,8,659769.4151732391,5323021.842,NA,404050.6970866192,NA,NA,NA,NA,NA,NA,NA,NA,NA,NA,NA,NA,NA,NA,2020-07-04,2020-07-11,659769.4151732391,5323021.842,NA,Others
pos95_only,Detroit SMM xAOC,3,NA,NA,NA,2020-11-21,2020-11-21,2020-11-21,NA,NA,NA,NA,1,404382.7019866193,2262223.1745,NA,404382.7019866193,NA,NA,NA,NA,NA,NA,NA,NA,NA,NA,NA,NA,NA,NA,2020-11-21,2020-11-21,404382.7019866193,2262223.1745,NA,Others
pos95_only,Detroit SMM xAOC,4,NA,NA,NA,2021-05-01,2021-05-01,2021-05-01,NA,NA,NA,NA,1,239739.3450331809,2126623.692,NA,239739.3450331809,NA,NA,NA,NA,NA,NA,NA,NA,NA,NA,NA,NA,NA,NA,2021-05-01,2021-05-01,239739.3450331809,2126623.692,NA,Others
pos95_only,Detroit SMM xAOC,5,NA,NA,NA,2021-05-22,2021-05-29,2021-05-22,NA,NA,NA,NA,8,643320.2127663628,5013178.395,NA,326650.64943317976,NA,NA,NA,NA,NA,NA,NA,NA,NA,NA,NA,NA,NA,NA,2021-05-22,2021-05-29,643320.2127663628,5013178.395,NA,Others
pos95_only,Detroit SMM xAOC,6,NA,NA,NA,2021-06-12,2021-06-12,2021-06-12,NA,NA,NA,NA,1,243363.27873317944,2518994.094,NA,243363.27873317944,NA,NA,NA,NA,NA,NA,NA,NA,NA,NA,NA,NA,NA,NA,2021-06-12,2021-06-12,243363.27873317944,2518994.094,NA,Others
pos95_only,Detroit SMM xAOC,7,NA,NA,NA,2022-06-18,2022-06-18,2022-06-18,NA,NA,NA,NA,1,252235.78814678872,2638718.1555,NA,252235.78814678872,NA,NA,NA,NA,NA,NA,NA,NA,NA,NA,NA,NA,NA,NA,2022-06-18,2022-06-18,252235.78814678872,2638718.1555,NA,Others
pos95_only,Detroit SMM xAOC,8,NA,NA,NA,2022-08-20,2022-08-20,2022-08-20,NA,NA,NA,NA,1,381037.325246789,2779698.1785,NA,381037.325246789,NA,NA,NA,NA,NA,NA,NA,NA,NA,NA,NA,NA,NA,NA,2022-08-20,2022-08-20,381037.325246789,2779698.1785,NA,Others
pos95_only,Detroit SMM xAOC,9,NA,NA,NA,2022-12-24,2022-12-24,2022-12-24,NA,NA,NA,NA,1,242086.21274678875,2334722.8545,NA,242086.21274678875,NA,NA,NA,NA,NA,NA,NA,NA,NA,NA,NA,NA,NA,NA,2022-12-24,2022-12-24,242086.21274678875,2334722.8545,NA,Others
pos95_only,Fresno/Visalia SMM xAOC,3,NA,NA,NA,2021-06-05,2021-06-05,2021-06-05,NA,NA,NA,NA,1,211761.6882054418,1092272.9475,NA,211761.6882054418,NA,NA,NA,NA,NA,NA,NA,NA,NA,NA,NA,NA,NA,NA,2021-06-05,2021-06-05,211761.6882054418,1092272.9475,NA,Others
pos95_only,Fresno/Visalia SMM xAOC,4,NA,NA,NA,2021-07-10,2021-07-10,2021-07-10,NA,NA,NA,NA,1,146126.17290544312,1158003.2985,NA,146126.17290544312,NA,NA,NA,NA,NA,NA,NA,NA,NA,NA,NA,NA,NA,NA,2021-07-10,2021-07-10,146126.17290544312,1158003.2985,NA,Others
pos95_only,Fresno/Visalia SMM xAOC,5,NA,NA,NA,2021-08-07,2021-08-21,2021-08-14,NA,NA,NA,NA,15,475415.5266163292,3423458.7705,NA,168280.4055054431,NA,NA,NA,NA,NA,NA,NA,NA,NA,NA,NA,NA,NA,NA,2021-08-07,2021-08-21,475415.5266163292,3423458.7705,NA,Others
pos95_only,Fresno/Visalia SMM xAOC,6,NA,NA,NA,2021-09-25,2021-10-02,2021-10-02,NA,NA,NA,NA,8,303004.25581088616,1945601.4135,NA,151504.61010544316,NA,NA,NA,NA,NA,NA,NA,NA,NA,NA,NA,NA,NA,NA,2021-09-25,2021-10-02,303004.25581088616,1945601.4135,NA,Others
pos95_only,Fresno/Visalia SMM xAOC,7,NA,NA,NA,2022-05-28,2022-05-28,2022-05-28,NA,NA,NA,NA,1,172498.4290131264,1048181.5725,NA,172498.4290131264,NA,NA,NA,NA,NA,NA,NA,NA,NA,NA,NA,NA,NA,NA,2022-05-28,2022-05-28,172498.4290131264,1048181.5725,NA,Others
pos95_only,Fresno/Visalia SMM xAOC,8,NA,NA,NA,2022-09-10,2022-09-10,2022-09-10,NA,NA,NA,NA,1,190935.33581312513,1241738.2635,NA,190935.33581312513,NA,NA,NA,NA,NA,NA,NA,NA,NA,NA,NA,NA,NA,NA,2022-09-10,2022-09-10,190935.33581312513,1241738.2635,NA,Others
pos95_only,Grand Rapids SMM xAOC,2,NA,NA,NA,2020-07-04,2020-07-04,2020-07-04,NA,NA,NA,NA,1,156546.00010316283,1088827.347,NA,156546.00010316283,NA,NA,NA,NA,NA,NA,NA,NA,NA,NA,NA,NA,NA,NA,2020-07-04,2020-07-04,156546.00010316283,1088827.347,NA,Others
pos95_only,Grand Rapids SMM xAOC,3,NA,NA,NA,2020-11-21,2020-11-21,2020-11-21,NA,NA,NA,NA,1,117906.81730316242,742713.813,NA,117906.81730316242,NA,NA,NA,NA,NA,NA,NA,NA,NA,NA,NA,NA,NA,NA,2020-11-21,2020-11-21,117906.81730316242,742713.813,NA,Others
pos95_only,Grand Rapids SMM xAOC,4,NA,NA,NA,2021-05-22,2021-05-29,2021-05-22,NA,NA,NA,NA,8,240765.37826421089,1821501.963,NA,132553.07008210442,NA,NA,NA,NA,NA,NA,NA,NA,NA,NA,NA,NA,NA,NA,2021-05-22,2021-05-29,240765.37826421089,1821501.963,NA,Others
pos95_only,Grand Rapids SMM xAOC,5,NA,NA,NA,2021-06-12,2021-06-12,2021-06-12,NA,NA,NA,NA,1,168909.56788210454,1011501.8295,NA,168909.56788210454,NA,NA,NA,NA,NA,NA,NA,NA,NA,NA,NA,NA,NA,NA,2021-06-12,2021-06-12,168909.56788210454,1011501.8295,NA,Others
pos95_only,Grand Rapids SMM xAOC,6,NA,NA,NA,2021-08-14,2021-08-14,2021-08-14,NA,NA,NA,NA,1,119010.1646821053,958194.0795,NA,119010.1646821053,NA,NA,NA,NA,NA,NA,NA,NA,NA,NA,NA,NA,NA,NA,2021-08-14,2021-08-14,119010.1646821053,958194.0795,NA,Others
pos95_only,Grand Rapids SMM xAOC,7,NA,NA,NA,2021-08-28,2021-08-28,2021-08-28,NA,NA,NA,NA,1,102185.60488210514,948286.71,NA,102185.60488210514,NA,NA,NA,NA,NA,NA,NA,NA,NA,NA,NA,NA,NA,NA,2021-08-28,2021-08-28,102185.60488210514,948286.71,NA,Others
pos95_only,Grand Rapids SMM xAOC,8,NA,NA,NA,2022-05-14,2022-05-14,2022-05-14,NA,NA,NA,NA,1,114200.30915578594,879578.3685,NA,114200.30915578594,NA,NA,NA,NA,NA,NA,NA,NA,NA,NA,NA,NA,NA,NA,2022-05-14,2022-05-14,114200.30915578594,879578.3685,NA,Others
pos95_only,Grand Rapids SMM xAOC,9,NA,NA,NA,2022-06-18,2022-06-25,2022-06-18,NA,NA,NA,NA,8,230464.7899115691,2003808.627,NA,119398.09175578516,NA,NA,NA,NA,NA,NA,NA,NA,NA,NA,NA,NA,NA,NA,2022-06-18,2022-06-25,230464.7899115691,2003808.627,NA,Others
pos95_only,Grand Rapids SMM xAOC,10,NA,NA,NA,2022-12-24,2022-12-24,2022-12-24,NA,NA,NA,NA,1,127482.7986557848,862597.0125,NA,127482.7986557848,NA,NA,NA,NA,NA,NA,NA,NA,NA,NA,NA,NA,NA,NA,2022-12-24,2022-12-24,127482.7986557848,862597.0125,NA,Others
pos95_only,Greensboro SMM xAOC,1,NA,NA,NA,2019-05-11,2019-05-11,2019-05-11,NA,NA,NA,NA,1,123755.10154963564,1127886.36,NA,123755.10154963564,NA,NA,NA,NA,NA,NA,NA,NA,NA,NA,NA,NA,NA,NA,2019-05-11,2019-05-11,123755.10154963564,1127886.36,NA,Others
pos95_only,Greensboro SMM xAOC,2,NA,NA,NA,2019-06-01,2019-06-01,2019-06-01,NA,NA,NA,NA,1,154357.3992496339,1198556.3565,NA,154357.3992496339,NA,NA,NA,NA,NA,NA,NA,NA,NA,NA,NA,NA,NA,NA,2019-06-01,2019-06-01,154357.3992496339,1198556.3565,NA,Others
pos95_only,Greensboro SMM xAOC,5,NA,NA,NA,2020-11-21,2020-11-21,2020-11-21,NA,NA,NA,NA,1,117047.59605058073,1065414.861,NA,117047.59605058073,NA,NA,NA,NA,NA,NA,NA,NA,NA,NA,NA,NA,NA,NA,2020-11-21,2020-11-21,117047.59605058073,1065414.861,NA,Others
pos95_only,Greensboro SMM xAOC,6,NA,NA,NA,2021-05-29,2021-05-29,2021-05-29,NA,NA,NA,NA,1,115871.73703231523,1260020.229,NA,115871.73703231523,NA,NA,NA,NA,NA,NA,NA,NA,NA,NA,NA,NA,NA,NA,2021-05-29,2021-05-29,115871.73703231523,1260020.229,NA,Others
pos95_only,Greensboro SMM xAOC,7,NA,NA,NA,2021-08-28,2021-09-04,2021-08-28,NA,NA,NA,NA,8,253050.69686462753,2619476.7615,NA,136163.246532314,NA,NA,NA,NA,NA,NA,NA,NA,NA,NA,NA,NA,NA,NA,2021-08-28,2021-09-04,253050.69686462753,2619476.7615,NA,Others
pos95_only,Greensboro SMM xAOC,8,NA,NA,NA,2022-01-15,2022-01-15,2022-01-15,NA,NA,NA,NA,1,214082.69363325997,1354658.0865,NA,214082.69363325997,NA,NA,NA,NA,NA,NA,NA,NA,NA,NA,NA,NA,NA,NA,2022-01-15,2022-01-15,214082.69363325997,1354658.0865,NA,Others
pos95_only,Greenville/Spartanburg SMM xAOC,1,NA,NA,NA,2019-06-01,2019-06-01,2019-06-01,NA,NA,NA,NA,1,158851.8942861571,1087909.5165,NA,158851.8942861571,NA,NA,NA,NA,NA,NA,NA,NA,NA,NA,NA,NA,NA,NA,2019-06-01,2019-06-01,158851.8942861571,1087909.5165,NA,Others
pos95_only,Greenville/Spartanburg SMM xAOC,4,NA,NA,NA,2021-04-17,2021-04-17,2021-04-17,NA,NA,NA,NA,1,99514.51819871506,995569.7625,NA,99514.51819871506,NA,NA,NA,NA,NA,NA,NA,NA,NA,NA,NA,NA,NA,NA,2021-04-17,2021-04-17,99514.51819871506,995569.7625,NA,Others
pos95_only,Greenville/Spartanburg SMM xAOC,5,NA,NA,NA,2022-01-15,2022-01-15,2022-01-15,NA,NA,NA,NA,1,158506.9706315993,1099892.9265,NA,158506.9706315993,NA,NA,NA,NA,NA,NA,NA,NA,NA,NA,NA,NA,NA,NA,2022-01-15,2022-01-15,158506.9706315993,1099892.9265,NA,Others
pos95_only,Greenville/Spartanburg SMM xAOC,6,NA,NA,NA,2022-05-21,2022-05-21,2022-05-21,NA,NA,NA,NA,1,91940.74253159808,1073818.4475,NA,91940.74253159808,NA,NA,NA,NA,NA,NA,NA,NA,NA,NA,NA,NA,NA,NA,2022-05-21,2022-05-21,91940.74253159808,1073818.4475,NA,Others
pos95_only,Greenville/Spartanburg SMM xAOC,7,NA,NA,NA,2022-06-18,2022-06-25,2022-06-18,NA,NA,NA,NA,8,267012.08206319716,2341392.7575000003,NA,142825.82003159914,NA,NA,NA,NA,NA,NA,NA,NA,NA,NA,NA,NA,NA,NA,2022-06-18,2022-06-25,267012.08206319716,2341392.7575000003,NA,Others
pos95_only,Greenville/Spartanburg SMM xAOC,9,NA,NA,NA,2022-12-24,2022-12-31,2022-12-31,NA,NA,NA,NA,8,220684.2979543187,1902699.5189999999,NA,120112.77562271978,NA,NA,NA,NA,NA,NA,NA,NA,NA,NA,NA,NA,NA,NA,2022-12-24,2022-12-31,220684.2979543187,1902699.5189999999,NA,Others
pos95_only,Harrisburg/Lancaster SMM xAOC,1,NA,NA,NA,2019-01-19,2019-01-19,2019-01-19,NA,NA,NA,NA,1,108592.26074102707,880853.724,NA,108592.26074102707,NA,NA,NA,NA,NA,NA,NA,NA,NA,NA,NA,NA,NA,NA,2019-01-19,2019-01-19,108592.26074102707,880853.724,NA,Others
pos95_only,Harrisburg/Lancaster SMM xAOC,2,NA,NA,NA,2019-07-20,2019-07-20,2019-07-20,NA,NA,NA,NA,1,80442.14144102833,1068688.053,NA,80442.14144102833,NA,NA,NA,NA,NA,NA,NA,NA,NA,NA,NA,NA,NA,NA,2019-07-20,2019-07-20,80442.14144102833,1068688.053,NA,Others
pos95_only,Harrisburg/Lancaster SMM xAOC,4,NA,NA,NA,2020-07-04,2020-07-04,2020-07-04,NA,NA,NA,NA,1,108496.770074934,1154909.919,NA,108496.770074934,NA,NA,NA,NA,NA,NA,NA,NA,NA,NA,NA,NA,NA,NA,2020-07-04,2020-07-04,108496.770074934,1154909.919,NA,Others
pos95_only,Harrisburg/Lancaster SMM xAOC,5,NA,NA,NA,2020-11-21,2020-11-21,2020-11-21,NA,NA,NA,NA,1,174555.58567493386,970990.5615,NA,174555.58567493386,NA,NA,NA,NA,NA,NA,NA,NA,NA,NA,NA,NA,NA,NA,2020-11-21,2020-11-21,174555.58567493386,970990.5615,NA,Others
pos95_only,Harrisburg/Lancaster SMM xAOC,6,NA,NA,NA,2021-05-22,2021-05-22,2021-05-22,NA,NA,NA,NA,1,124693.32219410664,1035036.4005,NA,124693.32219410664,NA,NA,NA,NA,NA,NA,NA,NA,NA,NA,NA,NA,NA,NA,2021-05-22,2021-05-22,124693.32219410664,1035036.4005,NA,Others
pos95_only,Harrisburg/Lancaster SMM xAOC,7,NA,NA,NA,2021-06-12,2021-06-12,2021-06-12,NA,NA,NA,NA,1,85683.50919410668,1096679.925,NA,85683.50919410668,NA,NA,NA,NA,NA,NA,NA,NA,NA,NA,NA,NA,NA,NA,2021-06-12,2021-06-12,85683.50919410668,1096679.925,NA,Others
pos95_only,Harrisburg/Lancaster SMM xAOC,8,NA,NA,NA,2021-07-03,2021-07-03,2021-07-03,NA,NA,NA,NA,1,127186.50009410712,1169548.635,NA,127186.50009410712,NA,NA,NA,NA,NA,NA,NA,NA,NA,NA,NA,NA,NA,NA,2021-07-03,2021-07-03,127186.50009410712,1169548.635,NA,Others
pos95_only,Harrisburg/Lancaster SMM xAOC,9,NA,NA,NA,2021-10-02,2021-10-02,2021-10-02,NA,NA,NA,NA,1,92121.46749410743,966193.101,NA,92121.46749410743,NA,NA,NA,NA,NA,NA,NA,NA,NA,NA,NA,NA,NA,NA,2021-10-02,2021-10-02,92121.46749410743,966193.101,NA,Others
pos95_only,Harrisburg/Lancaster SMM xAOC,10,NA,NA,NA,2022-06-04,2022-06-04,2022-06-04,NA,NA,NA,NA,1,78632.71022801276,1102741.188,NA,78632.71022801276,NA,NA,NA,NA,NA,NA,NA,NA,NA,NA,NA,NA,NA,NA,2022-06-04,2022-06-04,78632.71022801276,1102741.188,NA,Others
pos95_only,Harrisburg/Lancaster SMM xAOC,11,NA,NA,NA,2023-04-22,2023-04-22,2023-04-22,NA,NA,NA,NA,1,84612.36836191849,999551.0655,NA,84612.36836191849,NA,NA,NA,NA,NA,NA,NA,NA,NA,NA,NA,NA,NA,NA,2023-04-22,2023-04-22,84612.36836191849,999551.0655,NA,Others
pos95_only,Hartford/New Haven SMM xAOC,1,NA,NA,NA,2019-01-19,2019-01-19,2019-01-19,NA,NA,NA,NA,1,159203.58247249946,1185387.6285,NA,159203.58247249946,NA,NA,NA,NA,NA,NA,NA,NA,NA,NA,NA,NA,NA,NA,2019-01-19,2019-01-19,159203.58247249946,1185387.6285,NA,Others
pos95_only,Hartford/New Haven SMM xAOC,2,NA,NA,NA,2019-07-06,2019-07-06,2019-07-06,NA,NA,NA,NA,1,203636.95027249912,1574553.0435,NA,203636.95027249912,NA,NA,NA,NA,NA,NA,NA,NA,NA,NA,NA,NA,NA,NA,2019-07-06,2019-07-06,203636.95027249912,1574553.0435,NA,Others
pos95_only,Hartford/New Haven SMM xAOC,3,NA,NA,NA,2019-07-20,2019-07-20,2019-07-20,NA,NA,NA,NA,1,138626.44027249957,1441692.174,NA,138626.44027249957,NA,NA,NA,NA,NA,NA,NA,NA,NA,NA,NA,NA,NA,NA,2019-07-20,2019-07-20,138626.44027249957,1441692.174,NA,Others
pos95_only,Hartford/New Haven SMM xAOC,5,NA,NA,NA,2020-08-08,2020-08-08,2020-08-08,NA,NA,NA,NA,1,334777.92962211766,1651686.0045,NA,334777.92962211766,NA,NA,NA,NA,NA,NA,NA,NA,NA,NA,NA,NA,NA,NA,2020-08-08,2020-08-08,334777.92962211766,1651686.0045,NA,Others
pos95_only,Hartford/New Haven SMM xAOC,6,NA,NA,NA,2021-05-22,2021-05-22,2021-05-22,NA,NA,NA,NA,1,139516.18011884438,1273930.83,NA,139516.18011884438,NA,NA,NA,NA,NA,NA,NA,NA,NA,NA,NA,NA,NA,NA,2021-05-22,2021-05-22,139516.18011884438,1273930.83,NA,Others
pos95_only,Hartford/New Haven SMM xAOC,7,NA,NA,NA,2021-06-12,2021-06-12,2021-06-12,NA,NA,NA,NA,1,184482.6803188445,1408979.664,NA,184482.6803188445,NA,NA,NA,NA,NA,NA,NA,NA,NA,NA,NA,NA,NA,NA,2021-06-12,2021-06-12,184482.6803188445,1408979.664,NA,Others
pos95_only,Hartford/New Haven SMM xAOC,8,NA,NA,NA,2021-07-03,2021-07-03,2021-07-03,NA,NA,NA,NA,1,145760.3972188444,1538213.79,NA,145760.3972188444,NA,NA,NA,NA,NA,NA,NA,NA,NA,NA,NA,NA,NA,NA,2021-07-03,2021-07-03,145760.3972188444,1538213.79,NA,Others
pos95_only,Hartford/New Haven SMM xAOC,10,NA,NA,NA,2022-01-29,2022-01-29,2022-01-29,NA,NA,NA,NA,1,200161.49206846394,1180106.676,NA,200161.49206846394,NA,NA,NA,NA,NA,NA,NA,NA,NA,NA,NA,NA,NA,NA,2022-01-29,2022-01-29,200161.49206846394,1180106.676,NA,Others
pos95_only,Hartford/New Haven SMM xAOC,11,NA,NA,NA,2023-09-09,2023-09-09,2023-09-09,NA,NA,NA,NA,1,184692.83891808148,1478465.4825,NA,184692.83891808148,NA,NA,NA,NA,NA,NA,NA,NA,NA,NA,NA,NA,NA,NA,2023-09-09,2023-09-09,184692.83891808148,1478465.4825,NA,Others
pos95_only,Houston SMM xAOC,1,NA,NA,NA,2019-07-13,2019-07-13,2019-07-13,NA,NA,NA,NA,1,1339034.061357826,6955879.0425,NA,1339034.061357826,NA,NA,NA,NA,NA,NA,NA,NA,NA,NA,NA,NA,NA,NA,2019-07-13,2019-07-13,1339034.061357826,6955879.0425,NA,Others
pos95_only,Houston SMM xAOC,5,NA,NA,NA,2021-09-18,2021-09-18,2021-09-18,NA,NA,NA,NA,1,1087440.3825875428,6683231.9535,NA,1087440.3825875428,NA,NA,NA,NA,NA,NA,NA,NA,NA,NA,NA,NA,NA,NA,2021-09-18,2021-09-18,1087440.3825875428,6683231.9535,NA,Others
pos95_only,Houston SMM xAOC,6,NA,NA,NA,2022-02-05,2022-02-05,2022-02-05,NA,NA,NA,NA,1,827372.3955679676,5629140.9585,NA,827372.3955679676,NA,NA,NA,NA,NA,NA,NA,NA,NA,NA,NA,NA,NA,NA,2022-02-05,2022-02-05,827372.3955679676,5629140.9585,NA,Others
pos95_only,Houston SMM xAOC,7,NA,NA,NA,2022-12-03,2022-12-03,2022-12-03,NA,NA,NA,NA,1,883957.6653679768,5745215.7825,NA,883957.6653679768,NA,NA,NA,NA,NA,NA,NA,NA,NA,NA,NA,NA,NA,NA,2022-12-03,2022-12-03,883957.6653679768,5745215.7825,NA,Others
pos95_only,Houston SMM xAOC,8,NA,NA,NA,2022-12-24,2022-12-24,2022-12-24,NA,NA,NA,NA,1,1804124.228767977,7015180.653,NA,1804124.228767977,NA,NA,NA,NA,NA,NA,NA,NA,NA,NA,NA,NA,NA,NA,2022-12-24,2022-12-24,1804124.228767977,7015180.653,NA,Others
pos95_only,Houston SMM xAOC,9,NA,NA,NA,2023-09-09,2023-09-09,2023-09-09,NA,NA,NA,NA,1,753419.2335484112,6515072.286,NA,753419.2335484112,NA,NA,NA,NA,NA,NA,NA,NA,NA,NA,NA,NA,NA,NA,2023-09-09,2023-09-09,753419.2335484112,6515072.286,NA,Others
pos95_only,Indianapolis SMM xAOC,2,NA,NA,NA,2020-07-04,2020-07-11,2020-07-04,NA,NA,NA,NA,8,407576.5887210886,4132001.1945,NA,235394.77381054405,NA,NA,NA,NA,NA,NA,NA,NA,NA,NA,NA,NA,NA,NA,2020-07-04,2020-07-11,407576.5887210886,4132001.1945,NA,Others
pos95_only,Indianapolis SMM xAOC,3,NA,NA,NA,2020-11-21,2020-11-21,2020-11-21,NA,NA,NA,NA,1,232782.2490105438,1731083.8095,NA,232782.2490105438,NA,NA,NA,NA,NA,NA,NA,NA,NA,NA,NA,NA,NA,NA,2020-11-21,2020-11-21,232782.2490105438,1731083.8095,NA,Others
pos95_only,Indianapolis SMM xAOC,4,NA,NA,NA,2021-01-16,2021-01-16,2021-01-16,NA,NA,NA,NA,1,166500.05779155414,1838485.32,NA,166500.05779155414,NA,NA,NA,NA,NA,NA,NA,NA,NA,NA,NA,NA,NA,NA,2021-01-16,2021-01-16,166500.05779155414,1838485.32,NA,Others
pos95_only,Indianapolis SMM xAOC,5,NA,NA,NA,2021-05-29,2021-05-29,2021-05-29,NA,NA,NA,NA,1,213376.50409155572,2105904.8175,NA,213376.50409155572,NA,NA,NA,NA,NA,NA,NA,NA,NA,NA,NA,NA,NA,NA,2021-05-29,2021-05-29,213376.50409155572,2105904.8175,NA,Others
pos95_only,Indianapolis SMM xAOC,6,NA,NA,NA,2021-07-03,2021-07-03,2021-07-03,NA,NA,NA,NA,1,161698.04389155353,2082964.2615,NA,161698.04389155353,NA,NA,NA,NA,NA,NA,NA,NA,NA,NA,NA,NA,NA,NA,2021-07-03,2021-07-03,161698.04389155353,2082964.2615,NA,Others
pos95_only,Indianapolis SMM xAOC,7,NA,NA,NA,2022-02-05,2022-02-05,2022-02-05,NA,NA,NA,NA,1,234269.52589367493,1881919.473,NA,234269.52589367493,NA,NA,NA,NA,NA,NA,NA,NA,NA,NA,NA,NA,NA,NA,2022-02-05,2022-02-05,234269.52589367493,1881919.473,NA,Others
pos95_only,Indianapolis SMM xAOC,8,NA,NA,NA,2022-05-14,2022-05-14,2022-05-14,NA,NA,NA,NA,1,165538.19389367825,1914331.383,NA,165538.19389367825,NA,NA,NA,NA,NA,NA,NA,NA,NA,NA,NA,NA,NA,NA,2022-05-14,2022-05-14,165538.19389367825,1914331.383,NA,Others
pos95_only,Indianapolis SMM xAOC,9,NA,NA,NA,2022-06-18,2022-06-18,2022-06-18,NA,NA,NA,NA,1,193515.95059367735,2200814.736,NA,193515.95059367735,NA,NA,NA,NA,NA,NA,NA,NA,NA,NA,NA,NA,NA,NA,2022-06-18,2022-06-18,193515.95059367735,2200814.736,NA,Others
pos95_only,Indianapolis SMM xAOC,10,NA,NA,NA,2022-12-24,2022-12-24,2022-12-24,NA,NA,NA,NA,1,257865.85099367658,2035555.254,NA,257865.85099367658,NA,NA,NA,NA,NA,NA,NA,NA,NA,NA,NA,NA,NA,NA,2022-12-24,2022-12-24,257865.85099367658,2035555.254,NA,Others
pos95_only,Jacksonville SMM xAOC,1,NA,NA,NA,2019-06-01,2019-06-01,2019-06-01,NA,NA,NA,NA,1,179094.19960076082,1486758.678,NA,179094.19960076082,NA,NA,NA,NA,NA,NA,NA,NA,NA,NA,NA,NA,NA,NA,2019-06-01,2019-06-01,179094.19960076082,1486758.678,NA,Others
pos95_only,Jacksonville SMM xAOC,5,NA,NA,NA,2021-07-10,2021-07-10,2021-07-10,NA,NA,NA,NA,1,190402.99476730055,1706193.7695,NA,190402.99476730055,NA,NA,NA,NA,NA,NA,NA,NA,NA,NA,NA,NA,NA,NA,2021-07-10,2021-07-10,190402.99476730055,1706193.7695,NA,Others
pos95_only,Jacksonville SMM xAOC,6,NA,NA,NA,2021-10-09,2021-10-16,2021-10-09,NA,NA,NA,NA,8,404448.48313460196,2643146.091,NA,232169.10726730106,NA,NA,NA,NA,NA,NA,NA,NA,NA,NA,NA,NA,NA,NA,2021-10-09,2021-10-16,404448.48313460196,2643146.091,NA,Others
pos95_only,Kansas City SMM xAOC,2,NA,NA,NA,2019-04-20,2019-04-20,2019-04-20,NA,NA,NA,NA,1,114551.62291710742,927361.3425,NA,114551.62291710742,NA,NA,NA,NA,NA,NA,NA,NA,NA,NA,NA,NA,NA,NA,2019-04-20,2019-04-20,114551.62291710742,927361.3425,NA,Others
pos95_only,Kansas City SMM xAOC,4,NA,NA,NA,2020-07-11,2020-07-11,2020-07-11,NA,NA,NA,NA,1,112340.23187896702,1166700.5955,NA,112340.23187896702,NA,NA,NA,NA,NA,NA,NA,NA,NA,NA,NA,NA,NA,NA,2020-07-11,2020-07-11,112340.23187896702,1166700.5955,NA,Others
pos95_only,Kansas City SMM xAOC,5,NA,NA,NA,2020-11-21,2020-11-21,2020-11-21,NA,NA,NA,NA,1,157693.50227896636,996754.7355,NA,157693.50227896636,NA,NA,NA,NA,NA,NA,NA,NA,NA,NA,NA,NA,NA,NA,2020-11-21,2020-11-21,157693.50227896636,996754.7355,NA,Others
pos95_only,Kansas City SMM xAOC,6,NA,NA,NA,2021-01-23,2021-01-23,2021-01-23,NA,NA,NA,NA,1,125078.32447278209,1026177.633,NA,125078.32447278209,NA,NA,NA,NA,NA,NA,NA,NA,NA,NA,NA,NA,NA,NA,2021-01-23,2021-01-23,125078.32447278209,1026177.633,NA,Others
pos95_only,Kansas City SMM xAOC,7,NA,NA,NA,2021-06-19,2021-06-19,2021-06-19,NA,NA,NA,NA,1,204208.29067278327,1396157.7195,NA,204208.29067278327,NA,NA,NA,NA,NA,NA,NA,NA,NA,NA,NA,NA,NA,NA,2021-06-19,2021-06-19,204208.29067278327,1396157.7195,NA,Others
pos95_only,Kansas City SMM xAOC,8,NA,NA,NA,2021-07-31,2021-07-31,2021-07-31,NA,NA,NA,NA,1,118939.38907278306,1223069.0355,NA,118939.38907278306,NA,NA,NA,NA,NA,NA,NA,NA,NA,NA,NA,NA,NA,NA,2021-07-31,2021-07-31,118939.38907278306,1223069.0355,NA,Others
pos95_only,Kansas City SMM xAOC,9,NA,NA,NA,2021-08-14,2021-08-14,2021-08-14,NA,NA,NA,NA,1,129504.65917278337,1201148.8095,NA,129504.65917278337,NA,NA,NA,NA,NA,NA,NA,NA,NA,NA,NA,NA,NA,NA,2021-08-14,2021-08-14,129504.65917278337,1201148.8095,NA,Others
pos95_only,Kansas City SMM xAOC,10,NA,NA,NA,2022-05-14,2022-05-21,2022-05-21,NA,NA,NA,NA,8,255213.34006928257,2300052.8955,NA,142276.64993464027,NA,NA,NA,NA,NA,NA,NA,NA,NA,NA,NA,NA,NA,NA,2022-05-14,2022-05-21,255213.34006928257,2300052.8955,NA,Others
pos95_only,Knoxville SMM xAOC,1,NA,NA,NA,2019-05-04,2019-05-04,2019-05-04,NA,NA,NA,NA,1,91065.30643833755,735537.4215,NA,91065.30643833755,NA,NA,NA,NA,NA,NA,NA,NA,NA,NA,NA,NA,NA,NA,2019-05-04,2019-05-04,91065.30643833755,735537.4215,NA,Others
pos95_only,Knoxville SMM xAOC,2,NA,NA,NA,2019-06-01,2019-06-01,2019-06-01,NA,NA,NA,NA,1,104133.77563833643,823041.177,NA,104133.77563833643,NA,NA,NA,NA,NA,NA,NA,NA,NA,NA,NA,NA,NA,NA,2019-06-01,2019-06-01,104133.77563833643,823041.177,NA,Others
pos95_only,Knoxville SMM xAOC,3,NA,NA,NA,2019-10-05,2019-10-05,2019-10-05,NA,NA,NA,NA,1,63998.46793833689,741596.595,NA,63998.46793833689,NA,NA,NA,NA,NA,NA,NA,NA,NA,NA,NA,NA,NA,NA,2019-10-05,2019-10-05,63998.46793833689,741596.595,NA,Others
pos95_only,Knoxville SMM xAOC,5,NA,NA,NA,2021-01-16,2021-01-16,2021-01-16,NA,NA,NA,NA,1,72373.14189182338,748663.3635,NA,72373.14189182338,NA,NA,NA,NA,NA,NA,NA,NA,NA,NA,NA,NA,NA,NA,2021-01-16,2021-01-16,72373.14189182338,748663.3635,NA,Others
pos95_only,Knoxville SMM xAOC,6,NA,NA,NA,2021-05-29,2021-05-29,2021-05-29,NA,NA,NA,NA,1,90426.49869182392,893769.993,NA,90426.49869182392,NA,NA,NA,NA,NA,NA,NA,NA,NA,NA,NA,NA,NA,NA,2021-05-29,2021-05-29,90426.49869182392,893769.993,NA,Others
pos95_only,Knoxville SMM xAOC,7,NA,NA,NA,2021-07-03,2021-07-03,2021-07-03,NA,NA,NA,NA,1,80480.69979182316,928460.079,NA,80480.69979182316,NA,NA,NA,NA,NA,NA,NA,NA,NA,NA,NA,NA,NA,NA,2021-07-03,2021-07-03,80480.69979182316,928460.079,NA,Others
pos95_only,Knoxville SMM xAOC,8,NA,NA,NA,2022-04-30,2022-04-30,2022-04-30,NA,NA,NA,NA,1,61407.110728787724,777299.5155,NA,61407.110728787724,NA,NA,NA,NA,NA,NA,NA,NA,NA,NA,NA,NA,NA,NA,2022-04-30,2022-04-30,61407.110728787724,777299.5155,NA,Others
pos95_only,Knoxville SMM xAOC,9,NA,NA,NA,2022-05-21,2022-05-21,2022-05-21,NA,NA,NA,NA,1,93217.43192878738,872327.2155,NA,93217.43192878738,NA,NA,NA,NA,NA,NA,NA,NA,NA,NA,NA,NA,NA,NA,2022-05-21,2022-05-21,93217.43192878738,872327.2155,NA,Others
pos95_only,Knoxville SMM xAOC,10,NA,NA,NA,2022-06-18,2022-06-18,2022-06-18,NA,NA,NA,NA,1,107071.87742878788,979711.218,NA,107071.87742878788,NA,NA,NA,NA,NA,NA,NA,NA,NA,NA,NA,NA,NA,NA,2022-06-18,2022-06-18,107071.87742878788,979711.218,NA,Others
pos95_only,Las Vegas SMM xAOC,1,NA,NA,NA,2019-04-27,2019-04-27,2019-04-27,NA,NA,NA,NA,1,260967.7897633412,1965305.85,NA,260967.7897633412,NA,NA,NA,NA,NA,NA,NA,NA,NA,NA,NA,NA,NA,NA,2019-04-27,2019-04-27,260967.7897633412,1965305.85,NA,Others
pos95_only,Las Vegas SMM xAOC,3,NA,NA,NA,2020-11-07,2020-11-21,2020-11-14,NA,NA,NA,NA,15,922287.3800882904,6042777.8475,NA,394005.7037960966,NA,NA,NA,NA,NA,NA,NA,NA,NA,NA,NA,NA,NA,NA,2020-11-07,2020-11-21,922287.3800882904,6042777.8475,NA,Others
pos95_only,Las Vegas SMM xAOC,4,NA,NA,NA,2021-02-27,2021-02-27,2021-02-27,NA,NA,NA,NA,1,265805.88431409677,1951272.5265,NA,265805.88431409677,NA,NA,NA,NA,NA,NA,NA,NA,NA,NA,NA,NA,NA,NA,2021-02-27,2021-02-27,265805.88431409677,1951272.5265,NA,Others
pos95_only,Las Vegas SMM xAOC,5,NA,NA,NA,2021-04-24,2021-04-24,2021-04-24,NA,NA,NA,NA,1,256237.02971409634,1950961.152,NA,256237.02971409634,NA,NA,NA,NA,NA,NA,NA,NA,NA,NA,NA,NA,NA,NA,2021-04-24,2021-04-24,256237.02971409634,1950961.152,NA,Others
pos95_only,Las Vegas SMM xAOC,6,NA,NA,NA,2021-06-26,2021-06-26,2021-06-26,NA,NA,NA,NA,1,322912.2538140961,2275250.2605,NA,322912.2538140961,NA,NA,NA,NA,NA,NA,NA,NA,NA,NA,NA,NA,NA,NA,2021-06-26,2021-06-26,322912.2538140961,2275250.2605,NA,Others
pos95_only,Las Vegas SMM xAOC,7,NA,NA,NA,2021-08-28,2021-08-28,2021-08-28,NA,NA,NA,NA,1,343151.26661409787,2327323.1505,NA,343151.26661409787,NA,NA,NA,NA,NA,NA,NA,NA,NA,NA,NA,NA,NA,NA,2021-08-28,2021-08-28,343151.26661409787,2327323.1505,NA,Others
pos95_only,Las Vegas SMM xAOC,8,NA,NA,NA,2021-09-25,2021-09-25,2021-09-25,NA,NA,NA,NA,1,269531.071914098,2122506.675,NA,269531.071914098,NA,NA,NA,NA,NA,NA,NA,NA,NA,NA,NA,NA,NA,NA,2021-09-25,2021-09-25,269531.071914098,2122506.675,NA,Others
pos95_only,Las Vegas SMM xAOC,9,NA,NA,NA,2023-07-29,2023-07-29,2023-07-29,NA,NA,NA,NA,1,204397.03627960943,2275105.686,NA,204397.03627960943,NA,NA,NA,NA,NA,NA,NA,NA,NA,NA,NA,NA,NA,NA,2023-07-29,2023-07-29,204397.03627960943,2275105.686,NA,Others
pos95_only,Los Angeles SMM xAOC,4,NA,NA,NA,2021-06-19,2021-06-19,2021-06-19,NA,NA,NA,NA,1,1118709.0836604442,9850038.6975,NA,1118709.0836604442,NA,NA,NA,NA,NA,NA,NA,NA,NA,NA,NA,NA,NA,NA,2021-06-19,2021-06-19,1118709.0836604442,9850038.6975,NA,Others
pos95_only,Los Angeles SMM xAOC,5,NA,NA,NA,2021-07-03,2021-07-03,2021-07-03,NA,NA,NA,NA,1,1048571.9495604467,9599376.048,NA,1048571.9495604467,NA,NA,NA,NA,NA,NA,NA,NA,NA,NA,NA,NA,NA,NA,2021-07-03,2021-07-03,1048571.9495604467,9599376.048,NA,Others
pos95_only,Los Angeles SMM xAOC,6,NA,NA,NA,2022-02-19,2022-02-19,2022-02-19,NA,NA,NA,NA,1,894846.6218183832,8015752.665,NA,894846.6218183832,NA,NA,NA,NA,NA,NA,NA,NA,NA,NA,NA,NA,NA,NA,2022-02-19,2022-02-19,894846.6218183832,8015752.665,NA,Others
pos95_only,Los Angeles SMM xAOC,7,NA,NA,NA,2022-05-21,2022-05-21,2022-05-21,NA,NA,NA,NA,1,935057.470418375,8628083.5575,NA,935057.470418375,NA,NA,NA,NA,NA,NA,NA,NA,NA,NA,NA,NA,NA,NA,2022-05-21,2022-05-21,935057.470418375,8628083.5575,NA,Others
pos95_only,Los Angeles SMM xAOC,8,NA,NA,NA,2022-06-11,2022-06-11,2022-06-11,NA,NA,NA,NA,1,850640.6444183756,9074993.9895,NA,850640.6444183756,NA,NA,NA,NA,NA,NA,NA,NA,NA,NA,NA,NA,NA,NA,2022-06-11,2022-06-11,850640.6444183756,9074993.9895,NA,Others
pos95_only,Los Angeles SMM xAOC,9,NA,NA,NA,2022-07-02,2022-07-02,2022-07-02,NA,NA,NA,NA,1,1054102.9079183843,9647732.7165,NA,1054102.9079183843,NA,NA,NA,NA,NA,NA,NA,NA,NA,NA,NA,NA,NA,NA,2022-07-02,2022-07-02,1054102.9079183843,9647732.7165,NA,Others
pos95_only,Louisville SMM xAOC,2,NA,NA,NA,2020-11-21,2020-11-21,2020-11-21,NA,NA,NA,NA,1,139624.38307627535,820323.1815,NA,139624.38307627535,NA,NA,NA,NA,NA,NA,NA,NA,NA,NA,NA,NA,NA,NA,2020-11-21,2020-11-21,139624.38307627535,820323.1815,NA,Others
pos95_only,Louisville SMM xAOC,3,NA,NA,NA,2021-05-29,2021-05-29,2021-05-29,NA,NA,NA,NA,1,105605.29854580807,1001404.4535,NA,105605.29854580807,NA,NA,NA,NA,NA,NA,NA,NA,NA,NA,NA,NA,NA,NA,2021-05-29,2021-05-29,105605.29854580807,1001404.4535,NA,Others
pos95_only,Louisville SMM xAOC,4,NA,NA,NA,2021-07-03,2021-07-03,2021-07-03,NA,NA,NA,NA,1,111992.49504580663,1042535.2875,NA,111992.49504580663,NA,NA,NA,NA,NA,NA,NA,NA,NA,NA,NA,NA,NA,NA,2021-07-03,2021-07-03,111992.49504580663,1042535.2875,NA,Others
pos95_only,Louisville SMM xAOC,5,NA,NA,NA,2021-08-28,2021-08-28,2021-08-28,NA,NA,NA,NA,1,94172.91084580682,1016436.9315,NA,94172.91084580682,NA,NA,NA,NA,NA,NA,NA,NA,NA,NA,NA,NA,NA,NA,2021-08-28,2021-08-28,94172.91084580682,1016436.9315,NA,Others
pos95_only,Louisville SMM xAOC,6,NA,NA,NA,2021-12-18,2021-12-18,2021-12-18,NA,NA,NA,NA,1,96026.01624580682,848051.0025,NA,96026.01624580682,NA,NA,NA,NA,NA,NA,NA,NA,NA,NA,NA,NA,NA,NA,2021-12-18,2021-12-18,96026.01624580682,848051.0025,NA,Others
pos95_only,Louisville SMM xAOC,7,NA,NA,NA,2022-02-05,2022-02-05,2022-02-05,NA,NA,NA,NA,1,112959.09400081774,875007.96,NA,112959.09400081774,NA,NA,NA,NA,NA,NA,NA,NA,NA,NA,NA,NA,NA,NA,2022-02-05,2022-02-05,112959.09400081774,875007.96,NA,Others
pos95_only,Louisville SMM xAOC,8,NA,NA,NA,2022-05-21,2022-05-21,2022-05-21,NA,NA,NA,NA,1,102019.00990081835,980823.243,NA,102019.00990081835,NA,NA,NA,NA,NA,NA,NA,NA,NA,NA,NA,NA,NA,NA,2022-05-21,2022-05-21,102019.00990081835,980823.243,NA,Others
pos95_only,Louisville SMM xAOC,9,NA,NA,NA,2022-06-18,2022-06-18,2022-06-18,NA,NA,NA,NA,1,156351.0601008191,1140136.4385,NA,156351.0601008191,NA,NA,NA,NA,NA,NA,NA,NA,NA,NA,NA,NA,NA,NA,2022-06-18,2022-06-18,156351.0601008191,1140136.4385,NA,Others
pos95_only,Louisville SMM xAOC,10,NA,NA,NA,2023-02-18,2023-02-25,2023-02-18,NA,NA,NA,NA,8,449189.2964116618,2142859.221,NA,307738.403655831,NA,NA,NA,NA,NA,NA,NA,NA,NA,NA,NA,NA,NA,NA,2023-02-18,2023-02-25,449189.2964116618,2142859.221,NA,Others
pos95_only,Memphis SMM xAOC,2,NA,NA,NA,2020-07-18,2020-07-18,2020-07-18,NA,NA,NA,NA,1,150582.94850065128,1159117.05,NA,150582.94850065128,NA,NA,NA,NA,NA,NA,NA,NA,NA,NA,NA,NA,NA,NA,2020-07-18,2020-07-18,150582.94850065128,1159117.05,NA,Others
pos95_only,Memphis SMM xAOC,3,NA,NA,NA,2020-11-21,2020-11-21,2020-11-21,NA,NA,NA,NA,1,147039.05060065107,912980.826,NA,147039.05060065107,NA,NA,NA,NA,NA,NA,NA,NA,NA,NA,NA,NA,NA,NA,2020-11-21,2020-11-21,147039.05060065107,912980.826,NA,Others
pos95_only,Memphis SMM xAOC,4,NA,NA,NA,2021-02-27,2021-03-06,2021-02-27,NA,NA,NA,NA,8,670585.1048752738,2496807.051,NA,547102.1533376368,NA,NA,NA,NA,NA,NA,NA,NA,NA,NA,NA,NA,NA,NA,2021-02-27,2021-03-06,670585.1048752738,2496807.051,NA,Others
pos95_only,Memphis SMM xAOC,5,NA,NA,NA,2021-08-07,2021-08-14,2021-08-14,NA,NA,NA,NA,8,335206.68447527406,2445464.37,NA,196570.61293763737,NA,NA,NA,NA,NA,NA,NA,NA,NA,NA,NA,NA,NA,NA,2021-08-07,2021-08-14,335206.68447527406,2445464.37,NA,Others
pos95_only,Memphis SMM xAOC,7,NA,NA,NA,2022-06-18,2022-06-18,2022-06-18,NA,NA,NA,NA,1,126833.18673052941,1248491.9385,NA,126833.18673052941,NA,NA,NA,NA,NA,NA,NA,NA,NA,NA,NA,NA,NA,NA,2022-06-18,2022-06-18,126833.18673052941,1248491.9385,NA,Others
pos95_only,Miami/West Palm Beach SMM xAOC,5,NA,NA,NA,2021-08-14,2021-08-14,2021-08-14,NA,NA,NA,NA,1,739387.6450634571,6065646.258,NA,739387.6450634571,NA,NA,NA,NA,NA,NA,NA,NA,NA,NA,NA,NA,NA,NA,2021-08-14,2021-08-14,739387.6450634571,6065646.258,NA,Others
pos95_only,Miami/West Palm Beach SMM xAOC,6,NA,NA,NA,2021-10-09,2021-10-09,2021-10-09,NA,NA,NA,NA,1,643455.6778634572,5083089.4635,NA,643455.6778634572,NA,NA,NA,NA,NA,NA,NA,NA,NA,NA,NA,NA,NA,NA,2021-10-09,2021-10-09,643455.6778634572,5083089.4635,NA,Others
pos95_only,Miami/West Palm Beach SMM xAOC,7,NA,NA,NA,2022-06-04,2022-06-04,2022-06-04,NA,NA,NA,NA,1,595539.046913364,6019715.922,NA,595539.046913364,NA,NA,NA,NA,NA,NA,NA,NA,NA,NA,NA,NA,NA,NA,2022-06-04,2022-06-04,595539.046913364,6019715.922,NA,Others
pos95_only,Milwaukee SMM xAOC,2,NA,NA,NA,2020-07-04,2020-07-11,2020-07-11,NA,NA,NA,NA,8,282858.1221488253,2354416.152,NA,147440.85692441277,NA,NA,NA,NA,NA,NA,NA,NA,NA,NA,NA,NA,NA,NA,2020-07-04,2020-07-11,282858.1221488253,2354416.152,NA,Others
pos95_only,Milwaukee SMM xAOC,3,NA,NA,NA,2021-05-22,2021-05-29,2021-05-29,NA,NA,NA,NA,8,225378.64232244296,2033149.524,NA,114693.66871122213,NA,NA,NA,NA,NA,NA,NA,NA,NA,NA,NA,NA,NA,NA,2021-05-22,2021-05-29,225378.64232244296,2033149.524,NA,Others
pos95_only,Milwaukee SMM xAOC,4,NA,NA,NA,2021-06-12,2021-06-12,2021-06-12,NA,NA,NA,NA,1,157911.2829112208,1151321.1195,NA,157911.2829112208,NA,NA,NA,NA,NA,NA,NA,NA,NA,NA,NA,NA,NA,NA,2021-06-12,2021-06-12,157911.2829112208,1151321.1195,NA,Others
pos95_only,Milwaukee SMM xAOC,5,NA,NA,NA,2021-07-03,2021-07-03,2021-07-03,NA,NA,NA,NA,1,124014.06871122122,1134147.315,NA,124014.06871122122,NA,NA,NA,NA,NA,NA,NA,NA,NA,NA,NA,NA,NA,NA,2021-07-03,2021-07-03,124014.06871122122,1134147.315,NA,Others
pos95_only,Milwaukee SMM xAOC,6,NA,NA,NA,2021-10-02,2021-10-02,2021-10-02,NA,NA,NA,NA,1,120945.89371122129,946273.5105,NA,120945.89371122129,NA,NA,NA,NA,NA,NA,NA,NA,NA,NA,NA,NA,NA,NA,2021-10-02,2021-10-02,120945.89371122129,946273.5105,NA,Others
pos95_only,Milwaukee SMM xAOC,7,NA,NA,NA,2022-05-14,2022-05-14,2022-05-14,NA,NA,NA,NA,1,94997.9525699782,989985.2055,NA,94997.9525699782,NA,NA,NA,NA,NA,NA,NA,NA,NA,NA,NA,NA,NA,NA,2022-05-14,2022-05-14,94997.9525699782,989985.2055,NA,Others
pos95_only,Milwaukee SMM xAOC,8,NA,NA,NA,2022-06-18,2022-06-25,2022-06-18,NA,NA,NA,NA,8,208275.76613995468,2262260.637,NA,105586.61546997784,NA,NA,NA,NA,NA,NA,NA,NA,NA,NA,NA,NA,NA,NA,2022-06-18,2022-06-25,208275.76613995468,2262260.637,NA,Others
pos95_only,Minneapolis/St. Paul SMM xAOC,2,NA,NA,NA,2020-07-04,2020-07-04,2020-07-04,NA,NA,NA,NA,1,346079.4838035351,2153039.9355,NA,346079.4838035351,NA,NA,NA,NA,NA,NA,NA,NA,NA,NA,NA,NA,NA,NA,2020-07-04,2020-07-04,346079.4838035351,2153039.9355,NA,Others
pos95_only,Minneapolis/St. Paul SMM xAOC,3,NA,NA,NA,2020-11-21,2020-11-21,2020-11-21,NA,NA,NA,NA,1,201804.64060353464,1522158.0675,NA,201804.64060353464,NA,NA,NA,NA,NA,NA,NA,NA,NA,NA,NA,NA,NA,NA,2020-11-21,2020-11-21,201804.64060353464,1522158.0675,NA,Others
pos95_only,Minneapolis/St. Paul SMM xAOC,4,NA,NA,NA,2021-05-29,2021-06-19,2021-06-12,NA,NA,NA,NA,22,885022.1744580634,7953245.283,NA,334082.21413951437,NA,NA,NA,NA,NA,NA,NA,NA,NA,NA,NA,NA,NA,NA,2021-05-29,2021-06-19,885022.1744580634,7953245.283,NA,Others
pos95_only,Minneapolis/St. Paul SMM xAOC,5,NA,NA,NA,2021-07-03,2021-07-03,2021-07-03,NA,NA,NA,NA,1,294439.3324395148,2132421.414,NA,294439.3324395148,NA,NA,NA,NA,NA,NA,NA,NA,NA,NA,NA,NA,NA,NA,2021-07-03,2021-07-03,294439.3324395148,2132421.414,NA,Others
pos95_only,Minneapolis/St. Paul SMM xAOC,6,NA,NA,NA,2021-07-24,2021-07-24,2021-07-24,NA,NA,NA,NA,1,171723.50323951594,2032209.96,NA,171723.50323951594,NA,NA,NA,NA,NA,NA,NA,NA,NA,NA,NA,NA,NA,NA,2021-07-24,2021-07-24,171723.50323951594,2032209.96,NA,Others
pos95_only,Minneapolis/St. Paul SMM xAOC,7,NA,NA,NA,2021-08-21,2021-08-21,2021-08-21,NA,NA,NA,NA,1,169242.6337395159,1819360.332,NA,169242.6337395159,NA,NA,NA,NA,NA,NA,NA,NA,NA,NA,NA,NA,NA,NA,2021-08-21,2021-08-21,169242.6337395159,1819360.332,NA,Others
pos95_only,Minneapolis/St. Paul SMM xAOC,8,NA,NA,NA,2022-06-25,2022-06-25,2022-06-25,NA,NA,NA,NA,1,178507.02507670317,1989027.105,NA,178507.02507670317,NA,NA,NA,NA,NA,NA,NA,NA,NA,NA,NA,NA,NA,NA,2022-06-25,2022-06-25,178507.02507670317,1989027.105,NA,Others
pos95_only,Mobile/Pensacola SMM xAOC,3,NA,NA,NA,2020-08-22,2020-08-22,2020-08-22,NA,NA,NA,NA,1,231235.28858755773,1250765.0745,NA,231235.28858755773,NA,NA,NA,NA,NA,NA,NA,NA,NA,NA,NA,NA,NA,NA,2020-08-22,2020-08-22,231235.28858755773,1250765.0745,NA,Others
pos95_only,Mobile/Pensacola SMM xAOC,6,NA,NA,NA,2020-10-31,2020-10-31,2020-10-31,NA,NA,NA,NA,1,144984.59468755813,856381.557,NA,144984.59468755813,NA,NA,NA,NA,NA,NA,NA,NA,NA,NA,NA,NA,NA,NA,2020-10-31,2020-10-31,144984.59468755813,856381.557,NA,Others
pos95_only,Mobile/Pensacola SMM xAOC,7,NA,NA,NA,2021-06-19,2021-06-19,2021-06-19,NA,NA,NA,NA,1,162521.83566207113,1214390.991,NA,162521.83566207113,NA,NA,NA,NA,NA,NA,NA,NA,NA,NA,NA,NA,NA,NA,2021-06-19,2021-06-19,162521.83566207113,1214390.991,NA,Others
pos95_only,Mobile/Pensacola SMM xAOC,9,NA,NA,NA,2022-06-25,2022-06-25,2022-06-25,NA,NA,NA,NA,1,133509.23583140317,1204020.309,NA,133509.23583140317,NA,NA,NA,NA,NA,NA,NA,NA,NA,NA,NA,NA,NA,NA,2022-06-25,2022-06-25,133509.23583140317,1204020.309,NA,Others
pos95_only,Nashville SMM xAOC,1,NA,NA,NA,2019-05-04,2019-05-04,2019-05-04,NA,NA,NA,NA,1,157226.3247858195,1651690.1415,NA,157226.3247858195,NA,NA,NA,NA,NA,NA,NA,NA,NA,NA,NA,NA,NA,NA,2019-05-04,2019-05-04,157226.3247858195,1651690.1415,NA,Others
pos95_only,Nashville SMM xAOC,2,NA,NA,NA,2019-09-21,2019-09-21,2019-09-21,NA,NA,NA,NA,1,182338.35998581792,1772494.6695,NA,182338.35998581792,NA,NA,NA,NA,NA,NA,NA,NA,NA,NA,NA,NA,NA,NA,2019-09-21,2019-09-21,182338.35998581792,1772494.6695,NA,Others
pos95_only,Nashville SMM xAOC,4,NA,NA,NA,2020-11-21,2020-11-21,2020-11-21,NA,NA,NA,NA,1,210104.31455692183,1605197.3175,NA,210104.31455692183,NA,NA,NA,NA,NA,NA,NA,NA,NA,NA,NA,NA,NA,NA,2020-11-21,2020-11-21,210104.31455692183,1605197.3175,NA,Others
pos95_only,Nashville SMM xAOC,5,NA,NA,NA,2021-01-16,2021-01-16,2021-01-16,NA,NA,NA,NA,1,184958.87368131639,1793315.025,NA,184958.87368131639,NA,NA,NA,NA,NA,NA,NA,NA,NA,NA,NA,NA,NA,NA,2021-01-16,2021-01-16,184958.87368131639,1793315.025,NA,Others
pos95_only,Nashville SMM xAOC,6,NA,NA,NA,2021-05-29,2021-05-29,2021-05-29,NA,NA,NA,NA,1,167861.43988131848,1983497.7015,NA,167861.43988131848,NA,NA,NA,NA,NA,NA,NA,NA,NA,NA,NA,NA,NA,NA,2021-05-29,2021-05-29,167861.43988131848,1983497.7015,NA,Others
pos95_only,Nashville SMM xAOC,7,NA,NA,NA,2021-08-14,2021-08-14,2021-08-14,NA,NA,NA,NA,1,208770.48058131617,2069896.497,NA,208770.48058131617,NA,NA,NA,NA,NA,NA,NA,NA,NA,NA,NA,NA,NA,NA,2021-08-14,2021-08-14,208770.48058131617,2069896.497,NA,Others
pos95_only,Nashville SMM xAOC,8,NA,NA,NA,2021-08-28,2021-08-28,2021-08-28,NA,NA,NA,NA,1,160270.8797813158,2060566.419,NA,160270.8797813158,NA,NA,NA,NA,NA,NA,NA,NA,NA,NA,NA,NA,NA,NA,2021-08-28,2021-08-28,160270.8797813158,2060566.419,NA,Others
pos95_only,Nashville SMM xAOC,9,NA,NA,NA,2022-05-21,2022-05-21,2022-05-21,NA,NA,NA,NA,1,235366.24675241834,2021839.131,NA,235366.24675241834,NA,NA,NA,NA,NA,NA,NA,NA,NA,NA,NA,NA,NA,NA,2022-05-21,2022-05-21,235366.24675241834,2021839.131,NA,Others
pos95_only,Nashville SMM xAOC,10,NA,NA,NA,2022-06-18,2022-06-18,2022-06-18,NA,NA,NA,NA,1,292671.4088524205,2294028.2355,NA,292671.4088524205,NA,NA,NA,NA,NA,NA,NA,NA,NA,NA,NA,NA,NA,NA,2022-06-18,2022-06-18,292671.4088524205,2294028.2355,NA,Others
pos95_only,Nashville SMM xAOC,11,NA,NA,NA,2023-04-22,2023-04-22,2023-04-22,NA,NA,NA,NA,1,155842.6337235223,1824563.547,NA,155842.6337235223,NA,NA,NA,NA,NA,NA,NA,NA,NA,NA,NA,NA,NA,NA,2023-04-22,2023-04-22,155842.6337235223,1824563.547,NA,Others
pos95_only,New Orleans SMM xAOC,5,NA,NA,NA,2020-09-19,2020-09-19,2020-09-19,NA,NA,NA,NA,1,292664.5009929561,1821289.3575,NA,292664.5009929561,NA,NA,NA,NA,NA,NA,NA,NA,NA,NA,NA,NA,NA,NA,2020-09-19,2020-09-19,292664.5009929561,1821289.3575,NA,Others
pos95_only,New Orleans SMM xAOC,7,NA,NA,NA,2020-10-31,2020-10-31,2020-10-31,NA,NA,NA,NA,1,269148.5905929564,1395996.234,NA,269148.5905929564,NA,NA,NA,NA,NA,NA,NA,NA,NA,NA,NA,NA,NA,NA,2020-10-31,2020-10-31,269148.5905929564,1395996.234,NA,Others
pos95_only,New Orleans SMM xAOC,8,NA,NA,NA,2021-06-19,2021-06-19,2021-06-19,NA,NA,NA,NA,1,207621.35778674437,1745634.117,NA,207621.35778674437,NA,NA,NA,NA,NA,NA,NA,NA,NA,NA,NA,NA,NA,NA,2021-06-19,2021-06-19,207621.35778674437,1745634.117,NA,Others
pos95_only,New York SMM xAOC,1,NA,NA,NA,2019-07-20,2019-07-20,2019-07-20,NA,NA,NA,NA,1,1102182.809503477,11673075.9855,NA,1102182.809503477,NA,NA,NA,NA,NA,NA,NA,NA,NA,NA,NA,NA,NA,NA,2019-07-20,2019-07-20,1102182.809503477,11673075.9855,NA,Others
pos95_only,New York SMM xAOC,3,NA,NA,NA,2020-11-21,2020-11-21,2020-11-21,NA,NA,NA,NA,1,1051942.6350027118,9340907.7795,NA,1051942.6350027118,NA,NA,NA,NA,NA,NA,NA,NA,NA,NA,NA,NA,NA,NA,2020-11-21,2020-11-21,1051942.6350027118,9340907.7795,NA,Others
pos95_only,New York SMM xAOC,4,NA,NA,NA,2021-05-29,2021-05-29,2021-05-29,NA,NA,NA,NA,1,1001019.8767653964,11416361.4015,NA,1001019.8767653964,NA,NA,NA,NA,NA,NA,NA,NA,NA,NA,NA,NA,NA,NA,2021-05-29,2021-05-29,1001019.8767653964,11416361.4015,NA,Others
pos95_only,New York SMM xAOC,5,NA,NA,NA,2021-06-12,2021-06-12,2021-06-12,NA,NA,NA,NA,1,932146.408665387,10668581.811,NA,932146.408665387,NA,NA,NA,NA,NA,NA,NA,NA,NA,NA,NA,NA,NA,NA,2021-06-12,2021-06-12,932146.408665387,10668581.811,NA,Others
pos95_only,New York SMM xAOC,6,NA,NA,NA,2021-07-03,2021-07-03,2021-07-03,NA,NA,NA,NA,1,1416437.6293653846,12593299.95,NA,1416437.6293653846,NA,NA,NA,NA,NA,NA,NA,NA,NA,NA,NA,NA,NA,NA,2021-07-03,2021-07-03,1416437.6293653846,12593299.95,NA,Others
pos95_only,New York SMM xAOC,8,NA,NA,NA,2021-10-23,2021-10-23,2021-10-23,NA,NA,NA,NA,1,996098.6734653888,9276221.0055,NA,996098.6734653888,NA,NA,NA,NA,NA,NA,NA,NA,NA,NA,NA,NA,NA,NA,2021-10-23,2021-10-23,996098.6734653888,9276221.0055,NA,Others
pos95_only,New York SMM xAOC,9,NA,NA,NA,2022-07-23,2022-07-23,2022-07-23,NA,NA,NA,NA,1,940697.952664623,12095887.17,NA,940697.952664623,NA,NA,NA,NA,NA,NA,NA,NA,NA,NA,NA,NA,NA,NA,2022-07-23,2022-07-23,940697.952664623,12095887.17,NA,Others
pos95_only,New York SMM xAOC,10,NA,NA,NA,2023-05-13,2023-05-13,2023-05-13,NA,NA,NA,NA,1,977190.1007638592,10171403.58,NA,977190.1007638592,NA,NA,NA,NA,NA,NA,NA,NA,NA,NA,NA,NA,NA,NA,2023-05-13,2023-05-13,977190.1007638592,10171403.58,NA,Others
pos95_only,Norfolk/Portsmouth/Newport News SMM xAOC,1,NA,NA,NA,2019-05-11,2019-05-11,2019-05-11,NA,NA,NA,NA,1,142711.44743709918,1227515.8185,NA,142711.44743709918,NA,NA,NA,NA,NA,NA,NA,NA,NA,NA,NA,NA,NA,NA,2019-05-11,2019-05-11,142711.44743709918,1227515.8185,NA,Others
pos95_only,Norfolk/Portsmouth/Newport News SMM xAOC,2,NA,NA,NA,2019-06-01,2019-06-01,2019-06-01,NA,NA,NA,NA,1,159582.13493709685,1337396.61,NA,159582.13493709685,NA,NA,NA,NA,NA,NA,NA,NA,NA,NA,NA,NA,NA,NA,2019-06-01,2019-06-01,159582.13493709685,1337396.61,NA,Others
pos95_only,Norfolk/Portsmouth/Newport News SMM xAOC,6,NA,NA,NA,2020-11-21,2020-11-21,2020-11-21,NA,NA,NA,NA,1,158365.54840718245,1124267.9685,NA,158365.54840718245,NA,NA,NA,NA,NA,NA,NA,NA,NA,NA,NA,NA,NA,NA,2020-11-21,2020-11-21,158365.54840718245,1124267.9685,NA,Others
pos95_only,Norfolk/Portsmouth/Newport News SMM xAOC,7,NA,NA,NA,2021-08-28,2021-09-04,2021-09-04,NA,NA,NA,NA,8,297644.45193030545,2951862.8775,NA,153375.33271515253,NA,NA,NA,NA,NA,NA,NA,NA,NA,NA,NA,NA,NA,NA,2021-08-28,2021-09-04,297644.45193030545,2951862.8775,NA,Others
pos95_only,Norfolk/Portsmouth/Newport News SMM xAOC,8,NA,NA,NA,2022-01-22,2022-01-22,2022-01-22,NA,NA,NA,NA,1,214761.558185237,1311990.609,NA,214761.558185237,NA,NA,NA,NA,NA,NA,NA,NA,NA,NA,NA,NA,NA,NA,2022-01-22,2022-01-22,214761.558185237,1311990.609,NA,Others
pos95_only,Norfolk/Portsmouth/Newport News SMM xAOC,9,NA,NA,NA,2022-06-04,2022-06-04,2022-06-04,NA,NA,NA,NA,1,131625.23988523707,1395048.669,NA,131625.23988523707,NA,NA,NA,NA,NA,NA,NA,NA,NA,NA,NA,NA,NA,NA,2022-06-04,2022-06-04,131625.23988523707,1395048.669,NA,Others
pos95_only,Orlando/Daytona Beach/Melborne SMM xAOC,4,NA,NA,NA,2021-10-09,2021-10-23,2021-10-09,NA,NA,NA,NA,15,1504974.5112734283,10476281.625,NA,606959.1576244766,NA,NA,NA,NA,NA,NA,NA,NA,NA,NA,NA,NA,NA,NA,2021-10-09,2021-10-23,1504974.5112734283,10476281.625,NA,Others
pos95_only,Philadelphia SMM xAOC,1,NA,NA,NA,2019-04-20,2019-04-20,2019-04-20,NA,NA,NA,NA,1,476469.159543816,4229269.914,NA,476469.159543816,NA,NA,NA,NA,NA,NA,NA,NA,NA,NA,NA,NA,NA,NA,2019-04-20,2019-04-20,476469.159543816,4229269.914,NA,Others
pos95_only,Philadelphia SMM xAOC,2,NA,NA,NA,2019-07-20,2019-07-20,2019-07-20,NA,NA,NA,NA,1,440142.28794382047,5593479.7185,NA,440142.28794382047,NA,NA,NA,NA,NA,NA,NA,NA,NA,NA,NA,NA,NA,NA,2019-07-20,2019-07-20,440142.28794382047,5593479.7185,NA,Others
pos95_only,Philadelphia SMM xAOC,4,NA,NA,NA,2020-11-21,2020-11-21,2020-11-21,NA,NA,NA,NA,1,843185.9379136194,4909891.3635,NA,843185.9379136194,NA,NA,NA,NA,NA,NA,NA,NA,NA,NA,NA,NA,NA,NA,2020-11-21,2020-11-21,843185.9379136194,4909891.3635,NA,Others
pos95_only,Philadelphia SMM xAOC,5,NA,NA,NA,2021-05-01,2021-05-08,2021-05-08,NA,NA,NA,NA,8,906430.7805887591,9280204.4745,NA,479274.2505443813,NA,NA,NA,NA,NA,NA,NA,NA,NA,NA,NA,NA,NA,NA,2021-05-01,2021-05-08,906430.7805887591,9280204.4745,NA,Others
pos95_only,Philadelphia SMM xAOC,6,NA,NA,NA,2021-05-22,2021-05-29,2021-05-22,NA,NA,NA,NA,8,927428.3955887565,10414616.616,NA,496579.77574437484,NA,NA,NA,NA,NA,NA,NA,NA,NA,NA,NA,NA,NA,NA,2021-05-22,2021-05-29,927428.3955887565,10414616.616,NA,Others
pos95_only,Philadelphia SMM xAOC,7,NA,NA,NA,2021-07-03,2021-07-03,2021-07-03,NA,NA,NA,NA,1,664552.3494443763,5927367.0195,NA,664552.3494443763,NA,NA,NA,NA,NA,NA,NA,NA,NA,NA,NA,NA,NA,NA,2021-07-03,2021-07-03,664552.3494443763,5927367.0195,NA,Others
pos95_only,Philadelphia SMM xAOC,8,NA,NA,NA,2022-06-04,2022-06-04,2022-06-04,NA,NA,NA,NA,1,496335.3682141751,5403652.62,NA,496335.3682141751,NA,NA,NA,NA,NA,NA,NA,NA,NA,NA,NA,NA,NA,NA,2022-06-04,2022-06-04,496335.3682141751,5403652.62,NA,Others
pos95_only,Philadelphia SMM xAOC,9,NA,NA,NA,2023-04-01,2023-04-01,2023-04-01,NA,NA,NA,NA,1,3167616.08688398,8225107.479,NA,3167616.08688398,NA,NA,NA,NA,NA,NA,NA,NA,NA,NA,NA,NA,NA,NA,2023-04-01,2023-04-01,3167616.08688398,8225107.479,NA,Others
pos95_only,Phoenix/Prescott SMM xAOC,1,NA,NA,NA,2019-04-27,2019-04-27,2019-04-27,NA,NA,NA,NA,1,414255.78878501616,3775825.437,NA,414255.78878501616,NA,NA,NA,NA,NA,NA,NA,NA,NA,NA,NA,NA,NA,NA,2019-04-27,2019-04-27,414255.78878501616,3775825.437,NA,Others
pos95_only,Phoenix/Prescott SMM xAOC,3,NA,NA,NA,2020-11-07,2020-11-07,2020-11-07,NA,NA,NA,NA,1,636634.8150685644,4182872.9775,NA,636634.8150685644,NA,NA,NA,NA,NA,NA,NA,NA,NA,NA,NA,NA,NA,NA,2020-11-07,2020-11-07,636634.8150685644,4182872.9775,NA,Others
pos95_only,Phoenix/Prescott SMM xAOC,4,NA,NA,NA,2021-01-16,2021-01-16,2021-01-16,NA,NA,NA,NA,1,404152.9247652604,3653798.5785,NA,404152.9247652604,NA,NA,NA,NA,NA,NA,NA,NA,NA,NA,NA,NA,NA,NA,2021-01-16,2021-01-16,404152.9247652604,3653798.5785,NA,Others
pos95_only,Phoenix/Prescott SMM xAOC,5,NA,NA,NA,2021-04-24,2021-04-24,2021-04-24,NA,NA,NA,NA,1,437537.7920652544,3876164.352,NA,437537.7920652544,NA,NA,NA,NA,NA,NA,NA,NA,NA,NA,NA,NA,NA,NA,2021-04-24,2021-04-24,437537.7920652544,3876164.352,NA,Others
pos95_only,Phoenix/Prescott SMM xAOC,6,NA,NA,NA,2021-05-15,2021-05-15,2021-05-15,NA,NA,NA,NA,1,379720.894465263,4013133.0885,NA,379720.894465263,NA,NA,NA,NA,NA,NA,NA,NA,NA,NA,NA,NA,NA,NA,2021-05-15,2021-05-15,379720.894465263,4013133.0885,NA,Others
pos95_only,Phoenix/Prescott SMM xAOC,8,NA,NA,NA,2021-06-26,2021-07-03,2021-06-26,NA,NA,NA,NA,8,836969.4626305136,8728942.390500002,NA,457232.32586525474,NA,NA,NA,NA,NA,NA,NA,NA,NA,NA,NA,NA,NA,NA,2021-06-26,2021-07-03,836969.4626305136,8728942.390500002,NA,Others
pos95_only,Phoenix/Prescott SMM xAOC,9,NA,NA,NA,2023-07-29,2023-07-29,2023-07-29,NA,NA,NA,NA,1,399054.33413235657,4362194.307,NA,399054.33413235657,NA,NA,NA,NA,NA,NA,NA,NA,NA,NA,NA,NA,NA,NA,2023-07-29,2023-07-29,399054.33413235657,4362194.307,NA,Others
pos95_only,Pittsburgh SMM xAOC,1,NA,NA,NA,2019-09-21,2019-09-28,2019-09-21,NA,NA,NA,NA,8,406835.9258223737,2873715.666,NA,243679.1264611869,NA,NA,NA,NA,NA,NA,NA,NA,NA,NA,NA,NA,NA,NA,2019-09-21,2019-09-28,406835.9258223737,2873715.666,NA,Others
pos95_only,Pittsburgh SMM xAOC,3,NA,NA,NA,2020-11-21,2020-11-21,2020-11-21,NA,NA,NA,NA,1,201269.9381781877,1338573.3465,NA,201269.9381781877,NA,NA,NA,NA,NA,NA,NA,NA,NA,NA,NA,NA,NA,NA,2020-11-21,2020-11-21,201269.9381781877,1338573.3465,NA,Others
pos95_only,Pittsburgh SMM xAOC,4,NA,NA,NA,2021-05-22,2021-05-29,2021-05-22,NA,NA,NA,NA,8,352237.0363064164,3154305.147,NA,176623.79360320652,NA,NA,NA,NA,NA,NA,NA,NA,NA,NA,NA,NA,NA,NA,2021-05-22,2021-05-29,352237.0363064164,3154305.147,NA,Others
pos95_only,Pittsburgh SMM xAOC,5,NA,NA,NA,2021-07-03,2021-07-03,2021-07-03,NA,NA,NA,NA,1,232039.53830320737,1783531.278,NA,232039.53830320737,NA,NA,NA,NA,NA,NA,NA,NA,NA,NA,NA,NA,NA,NA,2021-07-03,2021-07-03,232039.53830320737,1783531.278,NA,Others
pos95_only,Pittsburgh SMM xAOC,6,NA,NA,NA,2021-08-28,2021-08-28,2021-08-28,NA,NA,NA,NA,1,157829.78600320732,1620066.0195,NA,157829.78600320732,NA,NA,NA,NA,NA,NA,NA,NA,NA,NA,NA,NA,NA,NA,2021-08-28,2021-08-28,157829.78600320732,1620066.0195,NA,Others
pos95_only,Pittsburgh SMM xAOC,7,NA,NA,NA,2022-04-30,2022-04-30,2022-04-30,NA,NA,NA,NA,1,168454.86652020877,1460058.4365,NA,168454.86652020877,NA,NA,NA,NA,NA,NA,NA,NA,NA,NA,NA,NA,NA,NA,2022-04-30,2022-04-30,168454.86652020877,1460058.4365,NA,Others
pos95_only,Pittsburgh SMM xAOC,8,NA,NA,NA,2023-02-18,2023-02-18,2023-02-18,NA,NA,NA,NA,1,151415.11253720918,1424793.252,NA,151415.11253720918,NA,NA,NA,NA,NA,NA,NA,NA,NA,NA,NA,NA,NA,NA,2023-02-18,2023-02-18,151415.11253720918,1424793.252,NA,Others
pos95_only,Pittsburgh SMM xAOC,9,NA,NA,NA,2023-04-22,2023-04-22,2023-04-22,NA,NA,NA,NA,1,148846.2302372083,1464764.8365,NA,148846.2302372083,NA,NA,NA,NA,NA,NA,NA,NA,NA,NA,NA,NA,NA,NA,2023-04-22,2023-04-22,148846.2302372083,1464764.8365,NA,Others
pos95_only,Portland OR SMM xAOC,3,NA,NA,NA,2021-04-24,2021-04-24,2021-04-24,NA,NA,NA,NA,1,186804.5525209332,838946.592,NA,186804.5525209332,NA,NA,NA,NA,NA,NA,NA,NA,NA,NA,NA,NA,NA,NA,2021-04-24,2021-04-24,186804.5525209332,838946.592,NA,Others
pos95_only,Portland OR SMM xAOC,4,NA,NA,NA,2021-06-05,2021-06-05,2021-06-05,NA,NA,NA,NA,1,191563.20352093317,965762.418,NA,191563.20352093317,NA,NA,NA,NA,NA,NA,NA,NA,NA,NA,NA,NA,NA,NA,2021-06-05,2021-06-05,191563.20352093317,965762.418,NA,Others
pos95_only,Portland OR SMM xAOC,5,NA,NA,NA,2021-06-26,2021-07-03,2021-06-26,NA,NA,NA,NA,8,823034.0101418672,2691853.272,NA,479726.45332093304,NA,NA,NA,NA,NA,NA,NA,NA,NA,NA,NA,NA,NA,NA,2021-06-26,2021-07-03,823034.0101418672,2691853.272,NA,Others
pos95_only,Portland OR SMM xAOC,6,NA,NA,NA,2021-08-14,2021-08-14,2021-08-14,NA,NA,NA,NA,1,150443.47192093404,1124587.9665,NA,150443.47192093404,NA,NA,NA,NA,NA,NA,NA,NA,NA,NA,NA,NA,NA,NA,2021-08-14,2021-08-14,150443.47192093404,1124587.9665,NA,Others
pos95_only,Portland OR SMM xAOC,7,NA,NA,NA,2022-07-30,2022-07-30,2022-07-30,NA,NA,NA,NA,1,223425.85154243442,1245702.765,NA,223425.85154243442,NA,NA,NA,NA,NA,NA,NA,NA,NA,NA,NA,NA,NA,NA,2022-07-30,2022-07-30,223425.85154243442,1245702.765,NA,Others
pos95_only,Providence RI/New Bedford MA SMM xAOC,1,NA,NA,NA,2019-01-19,2019-01-19,2019-01-19,NA,NA,NA,NA,1,109539.75169116654,976061.766,NA,109539.75169116654,NA,NA,NA,NA,NA,NA,NA,NA,NA,NA,NA,NA,NA,NA,2019-01-19,2019-01-19,109539.75169116654,976061.766,NA,Others
pos95_only,Providence RI/New Bedford MA SMM xAOC,2,NA,NA,NA,2019-07-06,2019-07-06,2019-07-06,NA,NA,NA,NA,1,166817.51179116708,1323413.82,NA,166817.51179116708,NA,NA,NA,NA,NA,NA,NA,NA,NA,NA,NA,NA,NA,NA,2019-07-06,2019-07-06,166817.51179116708,1323413.82,NA,Others
pos95_only,Providence RI/New Bedford MA SMM xAOC,4,NA,NA,NA,2020-11-21,2020-11-21,2020-11-21,NA,NA,NA,NA,1,137925.03883915278,980376.822,NA,137925.03883915278,NA,NA,NA,NA,NA,NA,NA,NA,NA,NA,NA,NA,NA,NA,2020-11-21,2020-11-21,137925.03883915278,980376.822,NA,Others
pos95_only,Providence RI/New Bedford MA SMM xAOC,5,NA,NA,NA,2021-06-12,2021-06-12,2021-06-12,NA,NA,NA,NA,1,164868.91974190716,1241061.3525,NA,164868.91974190716,NA,NA,NA,NA,NA,NA,NA,NA,NA,NA,NA,NA,NA,NA,2021-06-12,2021-06-12,164868.91974190716,1241061.3525,NA,Others
pos95_only,Providence RI/New Bedford MA SMM xAOC,6,NA,NA,NA,2021-07-03,2021-07-03,2021-07-03,NA,NA,NA,NA,1,119030.35944190715,1350780.051,NA,119030.35944190715,NA,NA,NA,NA,NA,NA,NA,NA,NA,NA,NA,NA,NA,NA,2021-07-03,2021-07-03,119030.35944190715,1350780.051,NA,Others
pos95_only,Providence RI/New Bedford MA SMM xAOC,9,NA,NA,NA,2022-04-16,2022-04-16,2022-04-16,NA,NA,NA,NA,1,103870.39128989342,1056119.5065,NA,103870.39128989342,NA,NA,NA,NA,NA,NA,NA,NA,NA,NA,NA,NA,NA,NA,2022-04-16,2022-04-16,103870.39128989342,1056119.5065,NA,Others
pos95_only,Providence RI/New Bedford MA SMM xAOC,10,NA,NA,NA,2022-05-21,2022-05-21,2022-05-21,NA,NA,NA,NA,1,106719.23868989258,1137625.842,NA,106719.23868989258,NA,NA,NA,NA,NA,NA,NA,NA,NA,NA,NA,NA,NA,NA,2022-05-21,2022-05-21,106719.23868989258,1137625.842,NA,Others
pos95_only,Providence RI/New Bedford MA SMM xAOC,11,NA,NA,NA,2022-08-06,2022-08-06,2022-08-06,NA,NA,NA,NA,1,117819.72828989266,1384780.3935,NA,117819.72828989266,NA,NA,NA,NA,NA,NA,NA,NA,NA,NA,NA,NA,NA,NA,2022-08-06,2022-08-06,117819.72828989266,1384780.3935,NA,Others
pos95_only,Raleigh/Durham/Fayetteville SMM xAOC,1,NA,NA,NA,2019-05-11,2019-05-11,2019-05-11,NA,NA,NA,NA,1,225840.98696933826,2033125.587,NA,225840.98696933826,NA,NA,NA,NA,NA,NA,NA,NA,NA,NA,NA,NA,NA,NA,2019-05-11,2019-05-11,225840.98696933826,2033125.587,NA,Others
pos95_only,Raleigh/Durham/Fayetteville SMM xAOC,2,NA,NA,NA,2019-05-25,2019-06-01,2019-06-01,NA,NA,NA,NA,8,521648.6003386739,4325400.9765,NA,333191.6228693349,NA,NA,NA,NA,NA,NA,NA,NA,NA,NA,NA,NA,NA,NA,2019-05-25,2019-06-01,521648.6003386739,4325400.9765,NA,Others
pos95_only,Raleigh/Durham/Fayetteville SMM xAOC,5,NA,NA,NA,2020-08-08,2020-08-08,2020-08-08,NA,NA,NA,NA,1,315440.111150546,2458908.969,NA,315440.111150546,NA,NA,NA,NA,NA,NA,NA,NA,NA,NA,NA,NA,NA,NA,2020-08-08,2020-08-08,315440.111150546,2458908.969,NA,Others
pos95_only,Raleigh/Durham/Fayetteville SMM xAOC,6,NA,NA,NA,2020-11-21,2020-11-21,2020-11-21,NA,NA,NA,NA,1,191132.39135054592,1828613.3655,NA,191132.39135054592,NA,NA,NA,NA,NA,NA,NA,NA,NA,NA,NA,NA,NA,NA,2020-11-21,2020-11-21,191132.39135054592,1828613.3655,NA,Others
pos95_only,Raleigh/Durham/Fayetteville SMM xAOC,7,NA,NA,NA,2022-01-15,2022-01-22,2022-01-15,NA,NA,NA,NA,8,558283.5940867427,4256299.1715,NA,286166.44659337285,NA,NA,NA,NA,NA,NA,NA,NA,NA,NA,NA,NA,NA,NA,2022-01-15,2022-01-22,558283.5940867427,4256299.1715,NA,Others
pos95_only,Sacramento/Stockton/Modesto SMM xAOC,2,NA,NA,NA,2020-11-21,2020-11-21,2020-11-21,NA,NA,NA,NA,1,316703.08047708496,1630424.1045,NA,316703.08047708496,NA,NA,NA,NA,NA,NA,NA,NA,NA,NA,NA,NA,NA,NA,2020-11-21,2020-11-21,316703.08047708496,1630424.1045,NA,Others
pos95_only,Sacramento/Stockton/Modesto SMM xAOC,3,NA,NA,NA,2021-05-08,2021-05-15,2021-05-15,NA,NA,NA,NA,8,536125.7323748763,3759066.9315,NA,293808.0974374381,NA,NA,NA,NA,NA,NA,NA,NA,NA,NA,NA,NA,NA,NA,2021-05-08,2021-05-15,536125.7323748763,3759066.9315,NA,Others
pos95_only,Sacramento/Stockton/Modesto SMM xAOC,4,NA,NA,NA,2021-06-05,2021-06-05,2021-06-05,NA,NA,NA,NA,1,348584.8814374348,2131799.1855,NA,348584.8814374348,NA,NA,NA,NA,NA,NA,NA,NA,NA,NA,NA,NA,NA,NA,2021-06-05,2021-06-05,348584.8814374348,2131799.1855,NA,Others
pos95_only,Sacramento/Stockton/Modesto SMM xAOC,5,NA,NA,NA,2021-06-19,2021-06-26,2021-06-19,NA,NA,NA,NA,8,474032.8759748712,4088983.152,NA,241665.61163743702,NA,NA,NA,NA,NA,NA,NA,NA,NA,NA,NA,NA,NA,NA,2021-06-19,2021-06-26,474032.8759748712,4088983.152,NA,Others
pos95_only,Sacramento/Stockton/Modesto SMM xAOC,7,NA,NA,NA,2022-05-28,2022-05-28,2022-05-28,NA,NA,NA,NA,1,340989.72770419833,2035250.2005,NA,340989.72770419833,NA,NA,NA,NA,NA,NA,NA,NA,NA,NA,NA,NA,NA,NA,2022-05-28,2022-05-28,340989.72770419833,2035250.2005,NA,Others
pos95_only,Salt Lake City SMM xAOC,2,NA,NA,NA,2020-11-07,2020-11-07,2020-11-07,NA,NA,NA,NA,1,158364.32086332014,1105616.994,NA,158364.32086332014,NA,NA,NA,NA,NA,NA,NA,NA,NA,NA,NA,NA,NA,NA,2020-11-07,2020-11-07,158364.32086332014,1105616.994,NA,Others
pos95_only,San Antonio SMM xAOC,1,NA,NA,NA,2019-10-05,2019-10-05,2019-10-05,NA,NA,NA,NA,1,194266.43460283522,1812712.596,NA,194266.43460283522,NA,NA,NA,NA,NA,NA,NA,NA,NA,NA,NA,NA,NA,NA,2019-10-05,2019-10-05,194266.43460283522,1812712.596,NA,Others
pos95_only,San Antonio SMM xAOC,3,NA,NA,NA,2020-07-04,2020-07-04,2020-07-04,NA,NA,NA,NA,1,235808.28703450365,1973059.2435,NA,235808.28703450365,NA,NA,NA,NA,NA,NA,NA,NA,NA,NA,NA,NA,NA,NA,2020-07-04,2020-07-04,235808.28703450365,1973059.2435,NA,Others
pos95_only,San Antonio SMM xAOC,4,NA,NA,NA,2020-11-21,2020-11-21,2020-11-21,NA,NA,NA,NA,1,175499.7004345036,1531330.3635,NA,175499.7004345036,NA,NA,NA,NA,NA,NA,NA,NA,NA,NA,NA,NA,NA,NA,2020-11-21,2020-11-21,175499.7004345036,1531330.3635,NA,Others
pos95_only,San Antonio SMM xAOC,5,NA,NA,NA,2021-02-27,2021-02-27,2021-02-27,NA,NA,NA,NA,1,453215.17402254953,1983021.534,NA,453215.17402254953,NA,NA,NA,NA,NA,NA,NA,NA,NA,NA,NA,NA,NA,NA,2021-02-27,2021-02-27,453215.17402254953,1983021.534,NA,Others
pos95_only,San Antonio SMM xAOC,6,NA,NA,NA,2022-01-22,2022-01-22,2022-01-22,NA,NA,NA,NA,1,190879.69535421673,1693205.9115,NA,190879.69535421673,NA,NA,NA,NA,NA,NA,NA,NA,NA,NA,NA,NA,NA,NA,2022-01-22,2022-01-22,190879.69535421673,1693205.9115,NA,Others
pos95_only,San Antonio SMM xAOC,7,NA,NA,NA,2022-02-05,2022-02-05,2022-02-05,NA,NA,NA,NA,1,201124.18295421614,1643164.617,NA,201124.18295421614,NA,NA,NA,NA,NA,NA,NA,NA,NA,NA,NA,NA,NA,NA,2022-02-05,2022-02-05,201124.18295421614,1643164.617,NA,Others
pos95_only,San Antonio SMM xAOC,8,NA,NA,NA,2022-04-23,2022-04-23,2022-04-23,NA,NA,NA,NA,1,180429.5598542171,1686707.6355,NA,180429.5598542171,NA,NA,NA,NA,NA,NA,NA,NA,NA,NA,NA,NA,NA,NA,2022-04-23,2022-04-23,180429.5598542171,1686707.6355,NA,Others
pos95_only,San Antonio SMM xAOC,9,NA,NA,NA,2022-05-14,2022-05-21,2022-05-14,NA,NA,NA,NA,8,447348.7675084374,3677391.522,NA,256765.9935542203,NA,NA,NA,NA,NA,NA,NA,NA,NA,NA,NA,NA,NA,NA,2022-05-14,2022-05-21,447348.7675084374,3677391.522,NA,Others
pos95_only,San Antonio SMM xAOC,10,NA,NA,NA,2022-12-24,2022-12-24,2022-12-24,NA,NA,NA,NA,1,270596.1666542187,1750671.8715,NA,270596.1666542187,NA,NA,NA,NA,NA,NA,NA,NA,NA,NA,NA,NA,NA,NA,2022-12-24,2022-12-24,270596.1666542187,1750671.8715,NA,Others
pos95_only,San Diego SMM xAOC,2,NA,NA,NA,2021-07-24,2021-07-24,2021-07-24,NA,NA,NA,NA,1,133598.75871206168,1466409.42,NA,133598.75871206168,NA,NA,NA,NA,NA,NA,NA,NA,NA,NA,NA,NA,NA,NA,2021-07-24,2021-07-24,133598.75871206168,1466409.42,NA,Others
pos95_only,San Diego SMM xAOC,3,NA,NA,NA,2021-08-07,2021-08-07,2021-08-07,NA,NA,NA,NA,1,135003.4856120604,1438241.2695,NA,135003.4856120604,NA,NA,NA,NA,NA,NA,NA,NA,NA,NA,NA,NA,NA,NA,2021-08-07,2021-08-07,135003.4856120604,1438241.2695,NA,Others
pos95_only,San Diego SMM xAOC,4,NA,NA,NA,2022-02-12,2022-02-19,2022-02-19,NA,NA,NA,NA,8,270819.9648599385,2358523.635,NA,141613.59377996856,NA,NA,NA,NA,NA,NA,NA,NA,NA,NA,NA,NA,NA,NA,2022-02-12,2022-02-19,270819.9648599385,2358523.635,NA,Others
pos95_only,San Diego SMM xAOC,5,NA,NA,NA,2022-06-25,2022-07-09,2022-07-02,NA,NA,NA,NA,15,452417.34533990617,4189418.8200000003,NA,191090.39747996908,NA,NA,NA,NA,NA,NA,NA,NA,NA,NA,NA,NA,NA,NA,2022-06-25,2022-07-09,452417.34533990617,4189418.8200000003,NA,Others
pos95_only,San Diego SMM xAOC,6,NA,NA,NA,2022-09-10,2022-09-10,2022-09-10,NA,NA,NA,NA,1,236294.38007996907,1623823.8525,NA,236294.38007996907,NA,NA,NA,NA,NA,NA,NA,NA,NA,NA,NA,NA,NA,NA,2022-09-10,2022-09-10,236294.38007996907,1623823.8525,NA,Others
pos95_only,San Diego SMM xAOC,7,NA,NA,NA,2023-08-19,2023-08-26,2023-08-19,NA,NA,NA,NA,8,351397.440895753,3097264.032,NA,203947.7200478767,NA,NA,NA,NA,NA,NA,NA,NA,NA,NA,NA,NA,NA,NA,2023-08-19,2023-08-26,351397.440895753,3097264.032,NA,Others
pos95_only,San Francisco/Oakland/San Jose SMM xAOC,1,NA,NA,NA,2019-04-27,2019-04-27,2019-04-27,NA,NA,NA,NA,1,194881.175985605,1807196.3745,NA,194881.175985605,NA,NA,NA,NA,NA,NA,NA,NA,NA,NA,NA,NA,NA,NA,2019-04-27,2019-04-27,194881.175985605,1807196.3745,NA,Others
pos95_only,San Francisco/Oakland/San Jose SMM xAOC,2,NA,NA,NA,2019-06-15,2019-06-15,2019-06-15,NA,NA,NA,NA,1,231005.98798560537,2144877.285,NA,231005.98798560537,NA,NA,NA,NA,NA,NA,NA,NA,NA,NA,NA,NA,NA,NA,2019-06-15,2019-06-15,231005.98798560537,2144877.285,NA,Others
pos95_only,San Francisco/Oakland/San Jose SMM xAOC,3,NA,NA,NA,2019-10-12,2019-10-12,2019-10-12,NA,NA,NA,NA,1,422532.4442856044,2252897.289,NA,422532.4442856044,NA,NA,NA,NA,NA,NA,NA,NA,NA,NA,NA,NA,NA,NA,2019-10-12,2019-10-12,422532.4442856044,2252897.289,NA,Others
pos95_only,San Francisco/Oakland/San Jose SMM xAOC,6,NA,NA,NA,2021-05-15,2021-05-15,2021-05-15,NA,NA,NA,NA,1,198311.95980866137,1820182.881,NA,198311.95980866137,NA,NA,NA,NA,NA,NA,NA,NA,NA,NA,NA,NA,NA,NA,2021-05-15,2021-05-15,198311.95980866137,1820182.881,NA,Others
pos95_only,San Francisco/Oakland/San Jose SMM xAOC,7,NA,NA,NA,2022-02-19,2022-02-19,2022-02-19,NA,NA,NA,NA,1,214367.9042343623,1694302.7475,NA,214367.9042343623,NA,NA,NA,NA,NA,NA,NA,NA,NA,NA,NA,NA,NA,NA,2022-02-19,2022-02-19,214367.9042343623,1694302.7475,NA,Others
pos95_only,San Francisco/Oakland/San Jose SMM xAOC,8,NA,NA,NA,2022-05-28,2022-05-28,2022-05-28,NA,NA,NA,NA,1,292389.86903436435,1970126.118,NA,292389.86903436435,NA,NA,NA,NA,NA,NA,NA,NA,NA,NA,NA,NA,NA,NA,2022-05-28,2022-05-28,292389.86903436435,1970126.118,NA,Others
pos95_only,San Francisco/Oakland/San Jose SMM xAOC,9,NA,NA,NA,2022-06-25,2022-07-02,2022-07-02,NA,NA,NA,NA,8,409761.5254687236,4087341.2535,NA,214688.0108343626,NA,NA,NA,NA,NA,NA,NA,NA,NA,NA,NA,NA,NA,NA,2022-06-25,2022-07-02,409761.5254687236,4087341.2535,NA,Others
pos95_only,San Francisco/Oakland/San Jose SMM xAOC,10,NA,NA,NA,2022-09-10,2022-09-10,2022-09-10,NA,NA,NA,NA,1,427891.02623436274,2420516.76,NA,427891.02623436274,NA,NA,NA,NA,NA,NA,NA,NA,NA,NA,NA,NA,NA,NA,2022-09-10,2022-09-10,427891.02623436274,2420516.76,NA,Others
pos95_only,Seattle/Tacoma SMM xAOC,1,NA,NA,NA,2019-02-09,2019-02-09,2019-02-09,NA,NA,NA,NA,1,177429.94077550736,1164283.149,NA,177429.94077550736,NA,NA,NA,NA,NA,NA,NA,NA,NA,NA,NA,NA,NA,NA,2019-02-09,2019-02-09,177429.94077550736,1164283.149,NA,Others
pos95_only,Seattle/Tacoma SMM xAOC,4,NA,NA,NA,2020-11-21,2020-11-21,2020-11-21,NA,NA,NA,NA,1,144378.45506301743,1038188.862,NA,144378.45506301743,NA,NA,NA,NA,NA,NA,NA,NA,NA,NA,NA,NA,NA,NA,2020-11-21,2020-11-21,144378.45506301743,1038188.862,NA,Others
pos95_only,Seattle/Tacoma SMM xAOC,5,NA,NA,NA,2021-04-17,2021-04-24,2021-04-24,NA,NA,NA,NA,8,367810.35346596094,2276188.401,NA,234315.01613297942,NA,NA,NA,NA,NA,NA,NA,NA,NA,NA,NA,NA,NA,NA,2021-04-17,2021-04-24,367810.35346596094,2276188.401,NA,Others
pos95_only,Seattle/Tacoma SMM xAOC,6,NA,NA,NA,2021-06-26,2021-07-03,2021-07-03,NA,NA,NA,NA,8,1040117.3584659591,3632690.262,NA,553452.0224329804,NA,NA,NA,NA,NA,NA,NA,NA,NA,NA,NA,NA,NA,NA,2021-06-26,2021-07-03,1040117.3584659591,3632690.262,NA,Others
pos95_only,Seattle/Tacoma SMM xAOC,7,NA,NA,NA,2022-07-30,2022-07-30,2022-07-30,NA,NA,NA,NA,1,234579.08482049056,1586288.94,NA,234579.08482049056,NA,NA,NA,NA,NA,NA,NA,NA,NA,NA,NA,NA,NA,NA,2022-07-30,2022-07-30,234579.08482049056,1586288.94,NA,Others
pos95_only,Seattle/Tacoma SMM xAOC,8,NA,NA,NA,2023-05-20,2023-05-20,2023-05-20,NA,NA,NA,NA,1,168469.83590800106,1256963.853,NA,168469.83590800106,NA,NA,NA,NA,NA,NA,NA,NA,NA,NA,NA,NA,NA,NA,2023-05-20,2023-05-20,168469.83590800106,1256963.853,NA,Others
pos95_only,St. Louis SMM xAOC,2,NA,NA,NA,2020-11-14,2020-11-21,2020-11-21,NA,NA,NA,NA,8,367043.1812562244,2614737.9195,NA,210418.22532811225,NA,NA,NA,NA,NA,NA,NA,NA,NA,NA,NA,NA,NA,NA,2020-11-14,2020-11-21,367043.1812562244,2614737.9195,NA,Others
pos95_only,St. Louis SMM xAOC,3,NA,NA,NA,2021-02-27,2021-02-27,2021-02-27,NA,NA,NA,NA,1,132830.2318347653,1286305.131,NA,132830.2318347653,NA,NA,NA,NA,NA,NA,NA,NA,NA,NA,NA,NA,NA,NA,2021-02-27,2021-02-27,132830.2318347653,1286305.131,NA,Others
pos95_only,St. Louis SMM xAOC,4,NA,NA,NA,2021-05-29,2021-05-29,2021-05-29,NA,NA,NA,NA,1,157731.26233476773,1536497.7855,NA,157731.26233476773,NA,NA,NA,NA,NA,NA,NA,NA,NA,NA,NA,NA,NA,NA,2021-05-29,2021-05-29,157731.26233476773,1536497.7855,NA,Others
pos95_only,St. Louis SMM xAOC,5,NA,NA,NA,2021-06-19,2021-06-19,2021-06-19,NA,NA,NA,NA,1,196409.4244347664,1708919.796,NA,196409.4244347664,NA,NA,NA,NA,NA,NA,NA,NA,NA,NA,NA,NA,NA,NA,2021-06-19,2021-06-19,196409.4244347664,1708919.796,NA,Others
pos95_only,St. Louis SMM xAOC,6,NA,NA,NA,2021-07-31,2021-07-31,2021-07-31,NA,NA,NA,NA,1,124972.16383476602,1588553.256,NA,124972.16383476602,NA,NA,NA,NA,NA,NA,NA,NA,NA,NA,NA,NA,NA,NA,2021-07-31,2021-07-31,124972.16383476602,1588553.256,NA,Others
pos95_only,St. Louis SMM xAOC,7,NA,NA,NA,2021-08-28,2021-08-28,2021-08-28,NA,NA,NA,NA,1,189577.95613476587,1623939.7215,NA,189577.95613476587,NA,NA,NA,NA,NA,NA,NA,NA,NA,NA,NA,NA,NA,NA,2021-08-28,2021-08-28,189577.95613476587,1623939.7215,NA,Others
pos95_only,St. Louis SMM xAOC,8,NA,NA,NA,2022-05-14,2022-05-14,2022-05-14,NA,NA,NA,NA,1,163111.2200545033,1506482.4045,NA,163111.2200545033,NA,NA,NA,NA,NA,NA,NA,NA,NA,NA,NA,NA,NA,NA,2022-05-14,2022-05-14,163111.2200545033,1506482.4045,NA,Others
pos95_only,St. Louis SMM xAOC,9,NA,NA,NA,2022-06-18,2022-06-18,2022-06-18,NA,NA,NA,NA,1,163158.13045450207,1728435.1335,NA,163158.13045450207,NA,NA,NA,NA,NA,NA,NA,NA,NA,NA,NA,NA,NA,NA,2022-06-18,2022-06-18,163158.13045450207,1728435.1335,NA,Others
pos95_only,St. Louis SMM xAOC,10,NA,NA,NA,2022-12-24,2022-12-24,2022-12-24,NA,NA,NA,NA,1,118670.70025450177,1385232.2745,NA,118670.70025450177,NA,NA,NA,NA,NA,NA,NA,NA,NA,NA,NA,NA,NA,NA,2022-12-24,2022-12-24,118670.70025450177,1385232.2745,NA,Others
pos95_only,Tampa/Ft. Myers SMM xAOC,3,NA,NA,NA,2020-08-01,2020-08-01,2020-08-01,NA,NA,NA,NA,1,714749.390028432,5621332.4205,NA,714749.390028432,NA,NA,NA,NA,NA,NA,NA,NA,NA,NA,NA,NA,NA,NA,2020-08-01,2020-08-01,714749.390028432,5621332.4205,NA,Others
pos95_only,Tampa/Ft. Myers SMM xAOC,4,NA,NA,NA,2020-11-14,2020-11-14,2020-11-14,NA,NA,NA,NA,1,1006904.3903284334,5266922.7075,NA,1006904.3903284334,NA,NA,NA,NA,NA,NA,NA,NA,NA,NA,NA,NA,NA,NA,2020-11-14,2020-11-14,1006904.3903284334,5266922.7075,NA,Others
pos95_only,Tampa/Ft. Myers SMM xAOC,6,NA,NA,NA,2021-10-09,2021-10-09,2021-10-09,NA,NA,NA,NA,1,661532.1203800123,4979407.2795,NA,661532.1203800123,NA,NA,NA,NA,NA,NA,NA,NA,NA,NA,NA,NA,NA,NA,2021-10-09,2021-10-09,661532.1203800123,4979407.2795,NA,Others
pos95_only,Washington DC/Hagerstown SMM xAOC,1,NA,NA,NA,2019-04-27,2019-05-04,2019-05-04,NA,NA,NA,NA,8,496266.2952832314,6021233.7075,NA,265808.94169161655,NA,NA,NA,NA,NA,NA,NA,NA,NA,NA,NA,NA,NA,NA,2019-04-27,2019-05-04,496266.2952832314,6021233.7075,NA,Others
pos95_only,Washington DC/Hagerstown SMM xAOC,2,NA,NA,NA,2019-06-01,2019-06-01,2019-06-01,NA,NA,NA,NA,1,271462.54819161445,3398759.8725,NA,271462.54819161445,NA,NA,NA,NA,NA,NA,NA,NA,NA,NA,NA,NA,NA,NA,2019-06-01,2019-06-01,271462.54819161445,3398759.8725,NA,Others
pos95_only,Washington DC/Hagerstown SMM xAOC,4,NA,NA,NA,2020-11-21,2020-11-21,2020-11-21,NA,NA,NA,NA,1,402418.1435070643,3233381.256,NA,402418.1435070643,NA,NA,NA,NA,NA,NA,NA,NA,NA,NA,NA,NA,NA,NA,2020-11-21,2020-11-21,402418.1435070643,3233381.256,NA,Others
pos95_only,Washington DC/Hagerstown SMM xAOC,5,NA,NA,NA,2021-01-30,2021-01-30,2021-01-30,NA,NA,NA,NA,1,313300.4438516586,3152671.425,NA,313300.4438516586,NA,NA,NA,NA,NA,NA,NA,NA,NA,NA,NA,NA,NA,NA,2021-01-30,2021-01-30,313300.4438516586,3152671.425,NA,Others
pos95_only,Washington DC/Hagerstown SMM xAOC,6,NA,NA,NA,2021-07-03,2021-07-03,2021-07-03,NA,NA,NA,NA,1,265504.2665516562,3585784.8975,NA,265504.2665516562,NA,NA,NA,NA,NA,NA,NA,NA,NA,NA,NA,NA,NA,NA,2021-07-03,2021-07-03,265504.2665516562,3585784.8975,NA,Others
pos95_only,Washington DC/Hagerstown SMM xAOC,7,NA,NA,NA,2022-01-08,2022-01-15,2022-01-15,NA,NA,NA,NA,8,656218.2659342098,6904864.134,NA,370154.03786710557,NA,NA,NA,NA,NA,NA,NA,NA,NA,NA,NA,NA,NA,NA,2022-01-08,2022-01-15,656218.2659342098,6904864.134,NA,Others
pos95_only,Washington DC/Hagerstown SMM xAOC,8,NA,NA,NA,2022-05-21,2022-05-21,2022-05-21,NA,NA,NA,NA,1,294704.00366710406,3429432.885,NA,294704.00366710406,NA,NA,NA,NA,NA,NA,NA,NA,NA,NA,NA,NA,NA,NA,2022-05-21,2022-05-21,294704.00366710406,3429432.885,NA,Others
pos95_only,Washington DC/Hagerstown SMM xAOC,9,NA,NA,NA,2023-04-22,2023-04-22,2023-04-22,NA,NA,NA,NA,1,311843.7668825537,3464269.8585,NA,311843.7668825537,NA,NA,NA,NA,NA,NA,NA,NA,NA,NA,NA,NA,NA,NA,2023-04-22,2023-04-22,311843.7668825537,3464269.8585,NA,Others
fema_only,Albany/Schenectady/Troy SMM xAOC,NA,DR-4445-VT,SEVERE STORMS AND FLOODING,Flood,NA,NA,NA,2019-04-15,NA,NA,NA,NA,0,0,1,NA,NA,NA,1.3e-4,0.025751801,0,0,0,0,1379787,35532,NA,NA,NA,NA,NA,NA,NA,NA,2019-04-15,Flood
fema_only,Albany/Schenectady/Troy SMM xAOC,NA,DR-4472-NY,"SEVERE STORMS, STRAIGHT-LINE WINDS, AND FLOODING",Severe Storm,NA,NA,NA,2019-11-01,NA,NA,NA,NA,0,0,2,NA,NA,NA,0.016107443,0.290439032,52343,14717.0506576,10,20.95,1379787,400744,NA,NA,NA,NA,NA,NA,NA,NA,2019-10-31,Severe Storms
fema_only,Albany/Schenectady/Troy SMM xAOC,NA,DR-4621-VT,SEVERE STORM AND FLOODING,Flood,NA,NA,NA,2021-07-30,NA,NA,NA,NA,0,0,2,NA,NA,NA,0.001460239,0.025751801,0,0,0,0,1379787,35532,NA,NA,NA,NA,NA,NA,NA,NA,2021-07-29,Flood
fema_only,Albany/Schenectady/Troy SMM xAOC,NA,EM-3565-NY,HURRICANE HENRI,Hurricane,NA,NA,NA,2021-08-24,NA,NA,NA,NA,0,0,4,NA,NA,NA,0,0.750924599,3112,282.0176874862691,7,4.1875,1379787,1036116,NA,NA,NA,NA,NA,NA,NA,NA,2021-08-21,Tropical Storms
fema_only,Albany/Schenectady/Troy SMM xAOC,NA,EM-3567-VT,TROPICAL STORM HENRI,Hurricane,NA,NA,NA,2021-08-24,NA,NA,NA,NA,0,0,3,NA,NA,NA,0,0.025751801,0,0,0,0,1379787,35532,NA,NA,NA,NA,NA,NA,NA,NA,2021-08-22,Tropical Storms
fema_only,Albany/Schenectady/Troy SMM xAOC,NA,DR-4720-VT,"SEVERE STORMS, FLOODING, LANDSLIDES, AND MUDSLIDES",Flood,NA,NA,NA,2023-07-21,NA,NA,NA,NA,0,0,15,NA,NA,NA,1.73e-4,0.025751801,4212,133.1726293,0,23.5,1379787,35532,NA,NA,NA,NA,NA,NA,NA,NA,2023-07-07,Flood
fema_only,Albany/Schenectady/Troy SMM xAOC,NA,DR-4723-NY,SEVERE STORMS AND FLOODING,Severe Storm,NA,NA,NA,2023-07-10,NA,NA,NA,NA,0,0,2,NA,NA,NA,4.57e-4,0.003216438,0,0,0,0,1379787,4438,NA,NA,NA,NA,NA,NA,NA,NA,2023-07-09,Severe Storms
fema_only,Albany/Schenectady/Troy SMM xAOC,NA,EM-3595-VT,FLOODING,Flood,NA,NA,NA,2023-07-17,NA,NA,NA,NA,0,0,9,NA,NA,NA,0,0.025751801,4212,180.1357342,1,15.5,1379787,35532,NA,NA,NA,NA,NA,NA,NA,NA,2023-07-09,Flood
fema_only,Albany/Schenectady/Troy SMM xAOC,NA,EM-3599-MA,HURRICANE LEE,Hurricane,NA,NA,NA,2023-09-17,NA,NA,NA,NA,0,0,3,NA,NA,NA,0,0.090750964,2438,233.7708931,1,1.25,1379787,125217,NA,NA,NA,NA,NA,NA,NA,NA,2023-09-15,Tropical Storms
fema_only,Atlanta SMM xAOC,NA,EM-3423-NC,HURRICANE DORIAN,Hurricane,NA,NA,NA,2019-09-09,NA,NA,NA,NA,0,0,9,NA,NA,NA,0,0.001573162,117,49.32361111,1,1.75,7168364,11277,NA,NA,NA,NA,NA,NA,NA,NA,2019-09-01,Tropical Storms
fema_only,Atlanta SMM xAOC,NA,DR-4546-AL,SEVERE STORMS AND FLOODING,Severe Storm,NA,NA,NA,2020-03-06,NA,NA,NA,NA,0,0,31,NA,NA,NA,0.001055138,0.003177992,2341,39.25180603,4,22,7168364,22781,NA,NA,NA,NA,NA,NA,NA,NA,2020-02-05,Severe Storms
fema_only,Atlanta SMM xAOC,NA,EM-3534-NC,HURRICANE ISAIAS,Hurricane,NA,NA,NA,2020-08-04,NA,NA,NA,NA,0,0,5,NA,NA,NA,0,0.001573162,345,36.505,1,2.5,7168364,11277,NA,NA,NA,NA,NA,NA,NA,NA,2020-07-31,Tropical Storms
fema_only,Atlanta SMM xAOC,NA,EM-3545-AL,HURRICANE SALLY,Hurricane,NA,NA,NA,2020-09-16,NA,NA,NA,NA,0,0,3,NA,NA,NA,0,0.005263823,215,37.37310924,4,1.625,7168364,37733,NA,NA,NA,NA,NA,NA,NA,NA,2020-09-14,Tropical Storms
fema_only,Atlanta SMM xAOC,NA,DR-4573-AL,HURRICANE ZETA,Hurricane,NA,NA,NA,2020-10-29,NA,NA,NA,NA,0,0,2,NA,NA,NA,4.81e-5,0.003177992,10098,3773.26,4,11.5,7168364,22781,NA,NA,NA,NA,NA,NA,NA,NA,2020-10-28,Tropical Storms
fema_only,Atlanta SMM xAOC,NA,DR-4579-GA,TROPICAL STORM ZETA,Hurricane,NA,NA,NA,2020-10-29,NA,NA,NA,NA,0,0,1,NA,NA,NA,0.002302734,0.207207391,320696,170516.011482,317,15.56578947368421,7168364,1485338,NA,NA,NA,NA,NA,NA,NA,NA,2020-10-29,Tropical Storms
fema_only,Atlanta SMM xAOC,NA,DR-4596-AL,"SEVERE STORMS, STRAIGHT-LINE WINDS, AND TORNADOES",Severe Storm,NA,NA,NA,2021-03-26,NA,NA,NA,NA,0,0,2,NA,NA,NA,1.74e-4,0.003177992,3272,444.1542553,4,20.5,7168364,22781,NA,NA,NA,NA,NA,NA,NA,NA,2021-03-25,Severe Storms
fema_only,Atlanta SMM xAOC,NA,DR-4600-GA,SEVERE STORMS AND TORNADOES,Severe Storm,NA,NA,NA,2021-03-26,NA,NA,NA,NA,0,0,2,NA,NA,NA,0.026653668,0.054416182,17633,3190.31568702692,16,14.63888888888889,7168364,390075,NA,NA,NA,NA,NA,NA,NA,NA,2021-03-25,Severe Storms
fema_only,Atlanta SMM xAOC,NA,EM-3586-NC,HURRICANE IAN,Hurricane,NA,NA,NA,2022-10-04,NA,NA,NA,NA,0,0,7,NA,NA,NA,0,0.001573162,0,0,0,0,7168364,11277,NA,NA,NA,NA,NA,NA,NA,NA,2022-09-28,Tropical Storms
fema_only,Atlanta SMM xAOC,NA,DR-4685-GA,"SEVERE STORMS, STRAIGHT-LINE WINDS, AND TORNADOES",Severe Storm,NA,NA,NA,2023-01-12,NA,NA,NA,NA,0,0,1,NA,NA,NA,0.02227077,0.078490434,55453,12522.3738711,14,2.625,7168364,562648,90955.66,0.2641357099711923,23088.89,0.06705025671406004,NA,NA,NA,NA,2023-01-12,Severe Storms
fema_only,Atlanta SMM xAOC,NA,DR-4710-AL,"SEVERE STORMS, STRAIGHT-LINE WINDS, AND TORNADOES",Severe Storm,NA,NA,NA,2023-03-27,NA,NA,NA,NA,0,0,4,NA,NA,NA,1.26e-4,0.003177992,323,27.77058908,0,1.5,7168364,22781,NA,NA,NA,NA,NA,NA,NA,NA,2023-03-24,Severe Storms
fema_only,Austin SMM xAOC,NA,EM-3540-TX,TROPICAL STORMS MARCO AND LAURA,Hurricane,NA,NA,NA,2020-08-27,NA,NA,NA,NA,0,0,5,NA,NA,NA,0,0.534217931,3615,126.6693054,1,20.5,2383984,1273567,NA,NA,NA,NA,NA,NA,NA,NA,2020-08-23,Tropical Storms
fema_only,Austin SMM xAOC,NA,DR-4586-TX,SEVERE WINTER STORMS,Severe Ice Storm,NA,NA,NA,2021-02-21,NA,NA,NA,NA,0,0,11,NA,NA,NA,0.014322251,1,543640,113553.3245843,14,157.14583333333334,2383984,2383984,NA,NA,NA,NA,NA,NA,NA,NA,2021-02-11,Winter Storms
fema_only,Austin SMM xAOC,NA,EM-3554-TX,SEVERE WINTER STORM,Severe Ice Storm,NA,NA,NA,2021-02-21,NA,NA,NA,NA,0,0,11,NA,NA,NA,0,1,543640,113553.3245843,14,157.14583333333334,2383984,2383984,NA,NA,NA,NA,NA,NA,NA,NA,2021-02-11,Winter Storms
fema_only,Austin SMM xAOC,NA,DR-4705-TX,SEVERE WINTER STORM,Winter Storm,NA,NA,NA,2023-02-02,NA,NA,NA,NA,0,0,4,NA,NA,NA,0.055223366,0.960157451,287040,85393.3058333,6,44.78125,2383984,2289000,NA,NA,NA,NA,NA,NA,NA,NA,2023-01-30,Winter Storms
fema_only,Birmingham/Anniston/Tuscaloosa SMM xAOC,NA,DR-4426-AL,"SEVERE STORMS, STRAIGHT-LINE WINDS, TORNADOES, AND FLOODING",Severe Storm,NA,NA,NA,2019-03-20,NA,NA,NA,NA,0,0,30,NA,NA,NA,7.91e-4,0.076374021,8012,257.3878459,7,26.9,1908031,145724,NA,NA,NA,NA,NA,NA,NA,NA,2019-02-19,Severe Storms
fema_only,Birmingham/Anniston/Tuscaloosa SMM xAOC,NA,DR-4546-AL,SEVERE STORMS AND FLOODING,Severe Storm,NA,NA,NA,2020-03-06,NA,NA,NA,NA,0,0,31,NA,NA,NA,0.004818059,0.21279214,11024,209.788178742,18,12.125,1908031,406014,NA,NA,NA,NA,NA,NA,NA,NA,2020-02-05,Severe Storms
fema_only,Birmingham/Anniston/Tuscaloosa SMM xAOC,NA,DR-4555-AL,SEVERE THUNDERSTORMS,Severe Storm,NA,NA,NA,2020-04-13,NA,NA,NA,NA,0,0,2,NA,NA,NA,0.00271896,0.161225892,42635,13433.372104,14,26.375,1908031,307624,NA,NA,NA,NA,NA,NA,NA,NA,2020-04-12,Severe Storms
fema_only,Birmingham/Anniston/Tuscaloosa SMM xAOC,NA,DR-4554-AL,"SEVERE STORMS, STRAIGHT-LINE WINDS, AND TORNADOES",Severe Storm,NA,NA,NA,2020-04-19,NA,NA,NA,NA,0,0,1,NA,NA,NA,9.93e-4,0.028820286,12255,8096.159664,337,12.375,1908031,54990,NA,NA,NA,NA,NA,NA,NA,NA,2020-04-19,Severe Storms
fema_only,Birmingham/Anniston/Tuscaloosa SMM xAOC,NA,EM-3545-AL,HURRICANE SALLY,Hurricane,NA,NA,NA,2020-09-16,NA,NA,NA,NA,0,0,3,NA,NA,NA,0,1,7337,441.11612523,38,2.4285714285714284,1908031,1908031,NA,NA,NA,NA,NA,NA,NA,NA,2020-09-14,Tropical Storms
fema_only,Birmingham/Anniston/Tuscaloosa SMM xAOC,NA,DR-4573-AL,HURRICANE ZETA,Hurricane,NA,NA,NA,2020-10-29,NA,NA,NA,NA,0,0,2,NA,NA,NA,0.00150993,0.159050875,97377,30570.8090862,27,14.892857142857142,1908031,303474,NA,NA,NA,NA,NA,NA,NA,NA,2020-10-28,Tropical Storms
fema_only,Birmingham/Anniston/Tuscaloosa SMM xAOC,NA,DR-4596-AL,"SEVERE STORMS, STRAIGHT-LINE WINDS, AND TORNADOES",Severe Storm,NA,NA,NA,2021-03-26,NA,NA,NA,NA,0,0,2,NA,NA,NA,0.008673777,0.545605391,43511,13065.2676812,23,27.708333333333332,1908031,1041032,NA,NA,NA,NA,NA,NA,NA,NA,2021-03-25,Severe Storms
fema_only,Birmingham/Anniston/Tuscaloosa SMM xAOC,NA,DR-4632-AL,SEVERE STORMS AND FLOODING,Severe Storm,NA,NA,NA,2021-10-07,NA,NA,NA,NA,0,0,2,NA,NA,NA,0,0.459486769,8420,1686.1093753,21,33.625,1908031,876715,NA,NA,NA,NA,NA,NA,NA,NA,2021-10-06,Severe Storms
fema_only,Birmingham/Anniston/Tuscaloosa SMM xAOC,NA,DR-4684-AL,"SEVERE STORMS, STRAIGHT-LINE WINDS, AND TORNADOES",Severe Storm,NA,NA,NA,2023-01-12,NA,NA,NA,NA,0,0,1,NA,NA,NA,7.43e-4,0.017531162,3325,2188.9385561,163,6.666666666666667,1908031,33450,NA,NA,NA,NA,NA,NA,NA,NA,2023-01-12,Severe Storms
fema_only,Birmingham/Anniston/Tuscaloosa SMM xAOC,NA,DR-4710-AL,"SEVERE STORMS, STRAIGHT-LINE WINDS, AND TORNADOES",Severe Storm,NA,NA,NA,2023-03-27,NA,NA,NA,NA,0,0,4,NA,NA,NA,1.02e-4,0.021227643,6944,601.5668603700001,0,23,1908031,40503,NA,NA,NA,NA,NA,NA,NA,NA,2023-03-24,Severe Storms
fema_only,Boston/Manchester SMM xAOC,NA,DR-4622-NH,SEVERE STORM AND FLOODING,Severe Storm,NA,NA,NA,2021-07-19,NA,NA,NA,NA,0,0,3,NA,NA,NA,0.001027003,0.011331866,228,25.67718855,1,5.5,6696161,75880,NA,NA,NA,NA,NA,NA,NA,NA,2021-07-17,Severe Storms
fema_only,Boston/Manchester SMM xAOC,NA,DR-4621-VT,SEVERE STORM AND FLOODING,Flood,NA,NA,NA,2021-07-30,NA,NA,NA,NA,0,0,2,NA,NA,NA,0.005371901,0.006306151,445,44,1,4.25,6696161,42227,NA,NA,NA,NA,NA,NA,NA,NA,2021-07-29,Flood
fema_only,Boston/Manchester SMM xAOC,NA,DR-4624-NH,SEVERE STORM AND FLOODING,Flood,NA,NA,NA,2021-08-02,NA,NA,NA,NA,0,0,5,NA,NA,NA,0.001151481,0.011331866,818,93.11050039,1,13.25,6696161,75880,NA,NA,NA,NA,NA,NA,NA,NA,2021-07-29,Flood
fema_only,Boston/Manchester SMM xAOC,NA,EM-3567-VT,TROPICAL STORM HENRI,Hurricane,NA,NA,NA,2021-08-24,NA,NA,NA,NA,0,0,3,NA,NA,NA,0,0.006306151,0,0,0,0,6696161,42227,NA,NA,NA,NA,NA,NA,NA,NA,2021-08-22,Tropical Storms
fema_only,Boston/Manchester SMM xAOC,NA,DR-4693-NH,SEVERE STORM AND FLOODING,Severe Storm,NA,NA,NA,2022-12-25,NA,NA,NA,NA,0,0,4,NA,NA,NA,6.63e-4,0.009169134,19985,5084.0625,37,68.25,6696161,61398,NA,NA,NA,NA,NA,NA,NA,NA,2022-12-22,Severe Storms
fema_only,Boston/Manchester SMM xAOC,NA,DR-4720-VT,"SEVERE STORMS, FLOODING, LANDSLIDES, AND MUDSLIDES",Flood,NA,NA,NA,2023-07-21,NA,NA,NA,NA,0,0,15,NA,NA,NA,0.002662588,0.006306151,2469,195.0772694,0,49.25,6696161,42227,NA,NA,NA,NA,NA,NA,NA,NA,2023-07-07,Flood
fema_only,Boston/Manchester SMM xAOC,NA,DR-4740-NH,SEVERE STORMS AND FLOODING,Flood,NA,NA,NA,2023-07-17,NA,NA,NA,NA,0,0,9,NA,NA,NA,0.001518708,0.066743467,4857,238.04877792,0,13.5,6696161,446925,NA,NA,NA,NA,NA,NA,NA,NA,2023-07-09,Flood
fema_only,Boston/Manchester SMM xAOC,NA,EM-3595-VT,FLOODING,Flood,NA,NA,NA,2023-07-17,NA,NA,NA,NA,0,0,9,NA,NA,NA,0,0.006306151,1992,213.9018997,1,40.75,6696161,42227,NA,NA,NA,NA,NA,NA,NA,NA,2023-07-09,Flood
fema_only,Boston/Manchester SMM xAOC,NA,DR-4780-MA,SEVERE STORMS AND FLOODING,Flood,NA,NA,NA,2023-09-13,NA,NA,NA,NA,0,0,3,NA,NA,NA,0,0.123851114,6412,435.6770833,0,27.25,6696161,829327,NA,NA,NA,NA,NA,NA,NA,NA,2023-09-11,Flood
fema_only,Boston/Manchester SMM xAOC,NA,EM-3599-MA,HURRICANE LEE,Hurricane,NA,NA,NA,2023-09-17,NA,NA,NA,NA,0,0,3,NA,NA,NA,2.95e-6,0.822403912,16767,1071.82081465,8,10.75,6696161,5506949,NA,NA,NA,NA,NA,NA,NA,NA,2023-09-15,Tropical Storms
fema_only,Boston/Manchester SMM xAOC,NA,DR-4762-VT,SEVERE STORM AND FLOODING,Severe Storm,NA,NA,NA,2023-12-19,NA,NA,NA,NA,0,0,2,NA,NA,NA,0,0.006306151,1332,218.3946078,1,16,6696161,42227,NA,NA,NA,NA,NA,NA,NA,NA,2023-12-18,Severe Storms
fema_only,Buffalo SMM xAOC,NA,DR-4472-NY,"SEVERE STORMS, STRAIGHT-LINE WINDS, AND FLOODING",Severe Storm,NA,NA,NA,2019-11-01,NA,NA,NA,NA,0,0,2,NA,NA,NA,0.005515522,0.682583956,55867,13185.444048599998,2,22.5,1531605,1045449,NA,NA,NA,NA,NA,NA,NA,NA,2019-10-31,Severe Storms
fema_only,Buffalo SMM xAOC,NA,DR-4625-NY,REMNANTS OF TROPICAL STORM FRED,Hurricane,NA,NA,NA,2021-08-19,NA,NA,NA,NA,0,0,2,NA,NA,NA,0.002054958,0.029978356,164,23.2764894,1,0.25,1531605,45915,NA,NA,NA,NA,NA,NA,NA,NA,2021-08-18,Tropical Storms
fema_only,Buffalo SMM xAOC,NA,EM-3589-NY,SEVERE WINTER STORM AND SNOWSTORM,Winter Storm,NA,NA,NA,2022-11-21,NA,NA,NA,NA,0,0,4,NA,NA,NA,1.29e-4,0.93269087,9891,990.35716654,0,10,1531605,1428514,NA,NA,NA,NA,NA,NA,NA,NA,2022-11-18,Winter Storms
fema_only,Charlotte SMM xAOC,NA,EM-3421-SC,HURRICANE DORIAN,Hurricane,NA,NA,NA,2019-09-06,NA,NA,NA,NA,0,0,7,NA,NA,NA,0,0.136125193,1681,71.282926254,3,2.8125,3361582,457596,NA,NA,NA,NA,NA,NA,NA,NA,2019-08-31,Tropical Storms
fema_only,Charlotte SMM xAOC,NA,DR-4479-SC,"SEVERE STORMS, TORNADOES, STRAIGHT-LINE WINDS, AND FLOODING",Severe Storm,NA,NA,NA,2020-02-13,NA,NA,NA,NA,0,0,8,NA,NA,NA,1.43e-4,0.009574659,501,59.29385224,1,17,3361582,32186,NA,NA,NA,NA,NA,NA,NA,NA,2020-02-06,Severe Storms
fema_only,Charlotte SMM xAOC,NA,DR-4543-NC,"SEVERE STORMS, TORNADOES, AND FLOODING",Severe Storm,NA,NA,NA,2020-02-19,NA,NA,NA,NA,0,0,14,NA,NA,NA,5.15e-4,0.133833713,6081,340.62151181,4,19.5,3361582,449893,NA,NA,NA,NA,NA,NA,NA,NA,2020-02-06,Severe Storms
fema_only,Charlotte SMM xAOC,NA,EM-3534-NC,HURRICANE ISAIAS,Hurricane,NA,NA,NA,2020-08-04,NA,NA,NA,NA,0,0,5,NA,NA,NA,0,0.863874807,14344,825.3702328100001,14,6.847222222222222,3361582,2903986,NA,NA,NA,NA,NA,NA,NA,NA,2020-07-31,Tropical Storms
fema_only,Charlotte SMM xAOC,NA,DR-4588-NC,TROPICAL STORM ETA,Severe Storm,NA,NA,NA,2020-11-15,NA,NA,NA,NA,0,0,4,NA,NA,NA,0.001972532,0.166890173,4819,537.60681068,5,8.75,3361582,561015,NA,NA,NA,NA,NA,NA,NA,NA,2020-11-12,Severe Storms
fema_only,Charlotte SMM xAOC,NA,DR-4617-NC,REMNANTS OF TROPICAL STORM FRED,Hurricane,NA,NA,NA,2021-08-18,NA,NA,NA,NA,0,0,3,NA,NA,NA,2.18e-4,0.030040023,3873,645.7596834999999,3,22.083333333333332,3361582,100982,NA,NA,NA,NA,NA,NA,NA,NA,2021-08-16,Tropical Storms
fema_only,Charlotte SMM xAOC,NA,EM-3597-SC,HURRICANE IDALIA,Hurricane,NA,NA,NA,2023-09-03,NA,NA,NA,NA,0,0,6,NA,NA,NA,0,0.136125193,3528,243.23896981,3,6.6875,3361582,457596,NA,NA,NA,NA,NA,NA,NA,NA,2023-08-29,Tropical Storms
fema_only,Chicago SMM xAOC,NA,DR-4704-IN,"SEVERE STORMS, STRAIGHT-LINE WINDS, AND TORNADOES",Severe Storm,NA,NA,NA,2023-04-01,NA,NA,NA,NA,0,0,2,NA,NA,NA,0,0.050583751,7297,2561.930297,1,26.75,9612652,486244,NA,NA,NA,NA,NA,NA,NA,NA,2023-03-31,Severe Storms
fema_only,Chicago SMM xAOC,NA,DR-4728-IL,SEVERE STORMS AND FLOODING,Severe Storm,NA,NA,NA,2023-07-02,NA,NA,NA,NA,0,0,4,NA,NA,NA,0,0.535266022,6877,541.1991758,4,44.5,9612652,5145326,NA,NA,NA,NA,NA,NA,NA,NA,2023-06-29,Severe Storms
fema_only,Chicago SMM xAOC,NA,DR-4749-IL,SEVERE STORMS AND FLOODING,Flood,NA,NA,NA,2023-09-18,NA,NA,NA,NA,0,0,2,NA,NA,NA,0,0.535266022,1414,207.9592391,4,25.75,9612652,5145326,32355594.24,0.07961529317347263,46991273.84,0.11562835210553483,NA,NA,NA,NA,2023-09-17,Flood
fema_only,Cincinnati SMM xAOC,NA,DR-4424-OH,"SEVERE STORMS, FLOODING, AND LANDSLIDES",Flood,NA,NA,NA,2019-02-13,NA,NA,NA,NA,0,0,9,NA,NA,NA,0.003573333,0.029539472,3449,101.27208391,2,6,2407389,71113,NA,NA,NA,NA,NA,NA,NA,NA,2019-02-05,Flood
fema_only,Cincinnati SMM xAOC,NA,DR-4428-KY,"SEVERE STORMS, STRAIGHT-LINE WINDS, FLOODING, LANDSLIDES, AND MUDSLIDES",Severe Storm,NA,NA,NA,2019-03-10,NA,NA,NA,NA,0,0,33,NA,NA,NA,0.002237855,0.059986566,6305,231.47646343,3,13,2407389,144411,NA,NA,NA,NA,NA,NA,NA,NA,2019-02-06,Severe Storms
fema_only,Cincinnati SMM xAOC,NA,DR-4595-KY,"SEVERE, STORMS, FLOODING, LANDSLIDES, AND MUDSLIDES",Flood,NA,NA,NA,2021-03-14,NA,NA,NA,NA,0,0,16,NA,NA,NA,0,0.007081946,0,0,0,0,2407389,17049,NA,NA,NA,NA,NA,NA,NA,NA,2021-02-27,Flood
fema_only,Cincinnati SMM xAOC,NA,DR-4702-KY,"SEVERE STORMS, STRAIGHT-LINE WINDS, TORNADOES, FLOODING, LANDSLIDES, AND MUDSLIDES",Severe Storm,NA,NA,NA,2023-03-04,NA,NA,NA,NA,0,0,2,NA,NA,NA,0,0.019521149,8743,2776.4378175,232,24.625,2407389,46995,NA,NA,NA,NA,NA,NA,NA,NA,2023-03-03,Severe Storms
fema_only,Dallas/Ft. Worth SMM xAOC,NA,EM-3540-TX,TROPICAL STORMS MARCO AND LAURA,Hurricane,NA,NA,NA,2020-08-27,NA,NA,NA,NA,0,0,5,NA,NA,NA,0,0.604049107,14844,520.75800225,3,19.15,8263502,4991561,NA,NA,NA,NA,NA,NA,NA,NA,2020-08-23,Tropical Storms
fema_only,Dallas/Ft. Worth SMM xAOC,NA,FM-5429-TX,BIG L FIRE,Fire,NA,NA,NA,2022-03-30,NA,NA,NA,NA,0,0,11,NA,NA,NA,0,0.007474071,756,43.75315386,0,3.25,8263502,61762,NA,NA,NA,NA,NA,NA,NA,NA,2022-03-20,Fire
fema_only,Dallas/Ft. Worth SMM xAOC,NA,FM-5443-TX,HARD CASTLE FIRE,Fire,NA,NA,NA,2022-07-16,NA,NA,NA,NA,0,0,10,NA,NA,NA,0,0.002250136,3618,47.17757469,0,5.5,8263502,18594,NA,NA,NA,NA,NA,NA,NA,NA,2022-07-07,Fire
fema_only,Dallas/Ft. Worth SMM xAOC,NA,DR-4705-TX,SEVERE WINTER STORM,Winter Storm,NA,NA,NA,2023-02-02,NA,NA,NA,NA,0,0,4,NA,NA,NA,1.59e-4,0.022967986,29678,9709.8991821,2,58.0625,8263502,189796,NA,NA,NA,NA,NA,NA,NA,NA,2023-01-30,Winter Storms
fema_only,Dayton SMM xAOC,NA,DR-4447-OH,"SEVERE STORMS, STRAIGHT-LINE WINDS, TORNADOES, FLOODING, LANDSLIDES, AND MUDSLIDE",Tornado,NA,NA,NA,2019-05-29,NA,NA,NA,NA,0,0,3,NA,NA,NA,0.009794389,0.745056041,66461,27550.16483489,5,32.1,1209203,900924,NA,NA,NA,NA,NA,NA,NA,NA,2019-05-27,Others
fema_only,Denver SMM xAOC,NA,DR-4420-NE,"SEVERE WINTER STORM, STRAIGHT-LINE WINDS, AND FLOODING",Flood,NA,NA,NA,2019-07-14,NA,NA,NA,NA,0,0,128,NA,NA,NA,0.003072331,0.010770497,1749,164.68783066,2,0.2692307692307692,4560978,49124,NA,NA,NA,NA,NA,NA,NA,NA,2019-03-09,Flood
fema_only,Denver SMM xAOC,NA,FM-5334-CO,GRIZZLY CREEK FIRE,Fire,NA,NA,NA,2020-08-26,NA,NA,NA,NA,0,0,14,NA,NA,NA,0,0.02526081,1548,35.11031901,2,6.75,4560978,115214,NA,NA,NA,NA,NA,NA,NA,NA,2020-08-13,Fire
fema_only,Denver SMM xAOC,NA,FM-5335-CO,PINE GULCH FIRE,Fire,NA,NA,NA,2020-09-02,NA,NA,NA,NA,0,0,15,NA,NA,NA,0,0.01316187,1116,41.277397,1,11.5,4560978,60031,NA,NA,NA,NA,NA,NA,NA,NA,2020-08-19,Fire
fema_only,Denver SMM xAOC,NA,FM-5347-WY,316 FIRE,Fire,NA,NA,NA,2020-09-06,NA,NA,NA,NA,0,0,2,NA,NA,NA,0,0.003251934,621,250.8697917,1,15.25,4560978,14832,NA,NA,NA,NA,NA,NA,NA,NA,2020-09-05,Fire
fema_only,Denver SMM xAOC,NA,DR-4581-CO,WILDFIRES,Fire,NA,NA,NA,2020-11-05,NA,NA,NA,NA,0,0,61,NA,NA,NA,0.006759423,0.081778294,3897,313.85645125,2,575.75,4560978,372989,NA,NA,NA,NA,NA,NA,NA,NA,2020-09-06,Fire
fema_only,Denver SMM xAOC,NA,FM-5349-CO,CAMERON PEAK FIRE,Fire,NA,NA,NA,2020-11-02,NA,NA,NA,NA,0,0,58,NA,NA,NA,0,0.078325526,2734,250.3719164,1,674.25,4560978,357241,NA,NA,NA,NA,NA,NA,NA,NA,2020-09-06,Fire
fema_only,Denver SMM xAOC,NA,FM-5375-WY,MULLEN FIRE,Fire,NA,NA,NA,2020-10-19,NA,NA,NA,NA,0,0,25,NA,NA,NA,0,0.011763047,3550,77.21476923,2,29.625,4560978,53651,NA,NA,NA,NA,NA,NA,NA,NA,2020-09-25,Fire
fema_only,Denver SMM xAOC,NA,FM-5378-CO,EAST TROUBLESOME FIRE,Fire,NA,NA,NA,2020-11-05,NA,NA,NA,NA,0,0,20,NA,NA,NA,0,0.003452768,128,29.90656412,1,14.25,4560978,15748,NA,NA,NA,NA,NA,NA,NA,NA,2020-10-17,Fire
fema_only,Denver SMM xAOC,NA,FM-5379-CO,CALWOOD FIRE,Fire,NA,NA,NA,2020-10-24,NA,NA,NA,NA,0,0,8,NA,NA,NA,0,0.071480283,3852,667.3840598,1,145.5,4560978,326020,NA,NA,NA,NA,NA,NA,NA,NA,2020-10-17,Fire
fema_only,Denver SMM xAOC,NA,DR-4616-NE,SEVERE STORMS AND STRAIGHT-LINE WINDS,Severe Storm,NA,NA,NA,2021-07-10,NA,NA,NA,NA,0,0,2,NA,NA,NA,1.72e-4,0.003649656,0,0,0,0,4560978,16646,NA,NA,NA,NA,NA,NA,NA,NA,2021-07-09,Severe Storms
fema_only,Denver SMM xAOC,NA,DR-4634-CO,WILDFIRES AND STRAIGHT-LINE WINDS,Fire,NA,NA,NA,2022-01-07,NA,NA,NA,NA,0,0,9,NA,NA,NA,0.04051535,0.071480283,30294,5121.437034,1,109.75,4560978,326020,NA,NA,NA,NA,NA,NA,NA,NA,2021-12-30,Fire
fema_only,Denver SMM xAOC,NA,FM-5423-CO,MARSHALL FIRE,Fire,NA,NA,NA,2022-01-07,NA,NA,NA,NA,0,0,9,NA,NA,NA,0,0.071480283,30294,5121.437034,1,109.75,4560978,326020,NA,NA,NA,NA,NA,NA,NA,NA,2021-12-30,Fire
fema_only,Denver SMM xAOC,NA,DR-4731-CO,"SEVERE STORMS, FLOODING, AND TORNADOES",Flood,NA,NA,NA,2023-06-23,NA,NA,NA,NA,0,0,16,NA,NA,NA,0.007568652,0.366470305,40041,555.228111784,4,17.8,4560978,1671463,NA,NA,NA,NA,NA,NA,NA,NA,2023-06-08,Flood
fema_only,Detroit SMM xAOC,NA,DR-4607-MI,"SEVERE STORMS, FLOODING, AND TORNADOES",Severe Storm,NA,NA,NA,2021-06-26,NA,NA,NA,NA,0,0,2,NA,NA,NA,0.028459438,0.870711233,47666,15082.2711012,63,35,4879287,4248450,NA,NA,NA,NA,NA,NA,NA,NA,2021-06-25,Severe Storms
fema_only,Detroit SMM xAOC,NA,DR-4757-MI,"SEVERE STORMS, TORNADOES, AND FLOODING",Flood,NA,NA,NA,2023-08-26,NA,NA,NA,NA,0,0,3,NA,NA,NA,0,0.865429314,234335,99434.371528,479,69.6,4879287,4222678,NA,NA,NA,NA,NA,NA,NA,NA,2023-08-24,Flood
fema_only,Fresno/Visalia SMM xAOC,NA,DR-4431-CA,"SEVERE WINTER STORMS, FLOODING, LANDSLIDES, AND MUDSLIDES",Severe Storm,NA,NA,NA,2019-02-15,NA,NA,NA,NA,0,0,3,NA,NA,NA,0,0.00827999,771,176.1588115,1,9.75,2067273,17117,NA,NA,NA,NA,NA,NA,NA,NA,2019-02-13,Severe Storms
fema_only,Fresno/Visalia SMM xAOC,NA,DR-4434-CA,"SEVERE WINTER STORMS, FLOODING, LANDSLIDES, AND MUDSLIDES",Severe Storm,NA,NA,NA,2019-03-01,NA,NA,NA,NA,0,0,6,NA,NA,NA,0,0.00827999,198,12.40652174,1,7,2067273,17117,NA,NA,NA,NA,NA,NA,NA,NA,2019-02-24,Severe Storms
fema_only,Fresno/Visalia SMM xAOC,NA,DR-4558-CA,WILDFIRES,Fire,NA,NA,NA,2020-09-26,NA,NA,NA,NA,0,0,44,NA,NA,NA,0.001820066,0.225297288,9975,369.152377,1,403.25,2067273,465751,NA,NA,NA,NA,NA,NA,NA,NA,2020-08-14,Fire
fema_only,Fresno/Visalia SMM xAOC,NA,DR-4569-CA,WILDFIRES,Fire,NA,NA,NA,2020-11-17,NA,NA,NA,NA,0,0,75,NA,NA,NA,0.007563491,0.558496144,18108,1321.560274,2,1058.5,2067273,1154564,NA,NA,NA,NA,NA,NA,NA,NA,2020-09-04,Fire
fema_only,Fresno/Visalia SMM xAOC,NA,FM-5445-CA,OAK FIRE,Fire,NA,NA,NA,2022-08-03,NA,NA,NA,NA,0,0,13,NA,NA,NA,0,0.00827999,3294,1371.581452,0,302.25,2067273,17117,NA,NA,NA,NA,NA,NA,NA,NA,2022-07-22,Fire
fema_only,Fresno/Visalia SMM xAOC,NA,DR-4683-CA,"SEVERE WINTER STORMS, FLOODING, LANDSLIDES, AND MUDSLIDES",Flood,NA,NA,NA,2023-01-31,NA,NA,NA,NA,0,0,36,NA,NA,NA,0.005114625,0.926121514,34100,771.72456547,0,188.05,2067273,1914546,NA,NA,NA,NA,NA,NA,NA,NA,2022-12-27,Flood
fema_only,Fresno/Visalia SMM xAOC,NA,EM-3591-CA,"SEVERE WINTER STORMS, FLOODING, AND MUDSLIDES",Flood,NA,NA,NA,2023-01-31,NA,NA,NA,NA,0,0,24,NA,NA,NA,0,1,34027,883.86730869,0,123.54166666666669,2067273,2067273,NA,NA,NA,NA,NA,NA,NA,NA,2023-01-08,Flood
fema_only,Fresno/Visalia SMM xAOC,NA,DR-4699-CA,"SEVERE WINTER STORMS, STRAIGHT-LINE WINDS, FLOODING, LANDSLIDES, AND MUDSLIDES",Severe Storm,NA,NA,NA,2023-07-10,NA,NA,NA,NA,0,0,140,NA,NA,NA,0.009924657,1,66822,1179.19490873,0,546.5416666666666,2067273,2067273,NA,NA,NA,NA,NA,NA,NA,NA,2023-02-21,Severe Storms
fema_only,Fresno/Visalia SMM xAOC,NA,EM-3592-CA,"SEVERE WINTER STORMS, FLOODING, LANDSLIDES, AND MUDSLIDES",Flood,NA,NA,NA,2023-07-10,NA,NA,NA,NA,0,0,124,NA,NA,NA,0,1,43774,490.33737707,0,363.7083333333333,2067273,2067273,NA,NA,NA,NA,NA,NA,NA,NA,2023-03-09,Flood
fema_only,Grand Rapids SMM xAOC,NA,DR-4607-MI,"SEVERE STORMS, FLOODING, AND TORNADOES",Severe Storm,NA,NA,NA,2021-06-26,NA,NA,NA,NA,0,0,2,NA,NA,NA,4.1e-4,0.031015316,973,176.6807095,1,15.5,2084583,64654,1710408.27,1.0548053462165656,2307751.5,1.4231857169044784,NA,NA,NA,NA,2021-06-25,Severe Storms
fema_only,Grand Rapids SMM xAOC,NA,DR-4757-MI,"SEVERE STORMS, TORNADOES, AND FLOODING",Flood,NA,NA,NA,2023-08-26,NA,NA,NA,NA,0,0,3,NA,NA,NA,0,0.346090321,75387,33903.595068,2,48.875,2084583,721454,736526.53,0.01666572566596974,487573.28,0.01103254559823806,NA,NA,NA,NA,2023-08-24,Flood
fema_only,Greensboro SMM xAOC,NA,DR-4543-NC,"SEVERE STORMS, TORNADOES, AND FLOODING",Severe Storm,NA,NA,NA,2020-02-19,NA,NA,NA,NA,0,0,14,NA,NA,NA,1.86e-5,0.123464628,8019,378.32124857,3,21.5,1836526,226746,NA,NA,NA,NA,NA,NA,NA,NA,2020-02-06,Severe Storms
fema_only,Greensboro SMM xAOC,NA,EM-3534-NC,HURRICANE ISAIAS,Hurricane,NA,NA,NA,2020-08-04,NA,NA,NA,NA,0,0,5,NA,NA,NA,0,0.99042104500000006,10582,1035.17811958,11,6.232142857142857,1836526,1818934,NA,NA,NA,NA,NA,NA,NA,NA,2020-07-31,Tropical Storms
fema_only,Greensboro SMM xAOC,NA,DR-4588-NC,TROPICAL STORM ETA,Severe Storm,NA,NA,NA,2020-11-15,NA,NA,NA,NA,0,0,4,NA,NA,NA,0.00770318,0.203437359,3559,292.852513167,6,5.958333333333333,1836526,373618,NA,NA,NA,NA,NA,NA,NA,NA,2020-11-12,Severe Storms
fema_only,Greensboro SMM xAOC,NA,DR-4602-VA,SEVERE WINTER STORMS,Severe Ice Storm,NA,NA,NA,2021-02-13,NA,NA,NA,NA,0,0,3,NA,NA,NA,0,0.009578955,1520,281.4343434,4,11,1836526,17592,NA,NA,NA,NA,NA,NA,NA,NA,2021-02-11,Winter Storms
fema_only,Greenville/Spartanburg SMM xAOC,NA,EM-3421-SC,HURRICANE DORIAN,Hurricane,NA,NA,NA,2019-09-06,NA,NA,NA,NA,0,0,7,NA,NA,NA,0,0.635436109,5332,271.117800651,8,3.875,2362782,1501397,NA,NA,NA,NA,NA,NA,NA,NA,2019-08-31,Tropical Storms
fema_only,Greenville/Spartanburg SMM xAOC,NA,DR-4479-SC,"SEVERE STORMS, TORNADOES, STRAIGHT-LINE WINDS, AND FLOODING",Severe Storm,NA,NA,NA,2020-02-13,NA,NA,NA,NA,0,0,8,NA,NA,NA,0.005039568,0.530666816,21643,3755.93852313,5,39.6,2362782,1253850,NA,NA,NA,NA,NA,NA,NA,NA,2020-02-06,Severe Storms
fema_only,Greenville/Spartanburg SMM xAOC,NA,DR-4543-NC,"SEVERE STORMS, TORNADOES, AND FLOODING",Severe Storm,NA,NA,NA,2020-02-19,NA,NA,NA,NA,0,0,14,NA,NA,NA,6.4e-4,0.069901074,7004,149.64263013,3,4.75,2362782,165161,NA,NA,NA,NA,NA,NA,NA,NA,2020-02-06,Severe Storms
fema_only,Greenville/Spartanburg SMM xAOC,NA,DR-4542-SC,"SEVERE STORMS, TORNADOES, AND STRAIGHT-LINE WINDS",Severe Storm,NA,NA,NA,2020-04-13,NA,NA,NA,NA,0,0,2,NA,NA,NA,0.009564396,0.08736481,43402,7045.510416,6,11.25,2362782,206424,NA,NA,NA,NA,NA,NA,NA,NA,2020-04-12,Severe Storms
fema_only,Greenville/Spartanburg SMM xAOC,NA,EM-3534-NC,HURRICANE ISAIAS,Hurricane,NA,NA,NA,2020-08-04,NA,NA,NA,NA,0,0,5,NA,NA,NA,0,0.32444212,8205,576.32385942,7,7.15625,2362782,766586,NA,NA,NA,NA,NA,NA,NA,NA,2020-07-31,Tropical Storms
fema_only,Greenville/Spartanburg SMM xAOC,NA,DR-4579-GA,TROPICAL STORM ZETA,Hurricane,NA,NA,NA,2020-10-29,NA,NA,NA,NA,0,0,1,NA,NA,NA,1.09e-4,0.02088174,14380,7184.374162,102,13,2362782,49339,NA,NA,NA,NA,NA,NA,NA,NA,2020-10-29,Tropical Storms
fema_only,Greenville/Spartanburg SMM xAOC,NA,DR-4617-NC,REMNANTS OF TROPICAL STORM FRED,Hurricane,NA,NA,NA,2021-08-18,NA,NA,NA,NA,0,0,3,NA,NA,NA,0.015506189,0.197081237,19093,3299.7574901499997,4,22,2362782,465660,NA,NA,NA,NA,NA,NA,NA,NA,2021-08-16,Tropical Storms
fema_only,Greenville/Spartanburg SMM xAOC,NA,EM-3597-SC,HURRICANE IDALIA,Hurricane,NA,NA,NA,2023-09-03,NA,NA,NA,NA,0,0,6,NA,NA,NA,0,0.635436109,7309,263.571117,7,6.4,2362782,1501397,NA,NA,NA,NA,NA,NA,NA,NA,2023-08-29,Tropical Storms
fema_only,Harrisburg/Lancaster SMM xAOC,NA,DR-4618-PA,REMNANTS OF HURRICANE IDA,Hurricane,NA,NA,NA,2021-09-05,NA,NA,NA,NA,0,0,6,NA,NA,NA,0.004197937,0.356201796,16623,2082.578135707071,5,71.375,2043134,727768,NA,NA,NA,NA,NA,NA,NA,NA,2021-08-31,Tropical Storms
fema_only,Hartford/New Haven SMM xAOC,NA,EM-3535-CT,TROPICAL STORM ISAIAS,Hurricane,NA,NA,NA,2020-08-04,NA,NA,NA,NA,0,0,1,NA,NA,NA,0.021696475,1,372917,56773.135496,8,9.035714285714286,2621634,2621634,NA,NA,NA,NA,NA,NA,NA,NA,2020-08-04,Tropical Storms
fema_only,Hartford/New Haven SMM xAOC,NA,DR-4629-CT,REMNANTS OF HURRICANE IDA,Hurricane,NA,NA,NA,2021-09-02,NA,NA,NA,NA,0,0,2,NA,NA,NA,3.42e-4,0.557871923,26646,3596.0771123,4,21.75,2621634,1462536,NA,NA,NA,NA,NA,NA,NA,NA,2021-09-01,Tropical Storms
fema_only,Houston SMM xAOC,NA,DR-4466-TX,TROPICAL STORM IMELDA,Flood,NA,NA,NA,2019-09-23,NA,NA,NA,NA,0,0,7,NA,NA,NA,0,0.73723906,63196,6741.4264942,55,82.15,7430252,5477872,6239461.39,18.164661704918128,4270744.81,12.4332261797496,NA,NA,NA,NA,2019-09-17,Flood
fema_only,Houston SMM xAOC,NA,EM-3530-TX,HURRICANE HANNA,Hurricane,NA,NA,NA,2020-07-31,NA,NA,NA,NA,0,0,7,NA,NA,NA,0,0.854956602,34986,1880.674872562,19,34.78125,7430252,6352543,NA,NA,NA,NA,NA,NA,NA,NA,2020-07-25,Tropical Storms
fema_only,Indianapolis SMM xAOC,NA,DR-4704-IN,"SEVERE STORMS, STRAIGHT-LINE WINDS, AND TORNADOES",Severe Storm,NA,NA,NA,2023-04-01,NA,NA,NA,NA,0,0,2,NA,NA,NA,0.00236747,0.200702368,46064,18330.1617647,15,20.38888888888889,3078444,617851,284291.36,0.5071492014788584,327694.69,0.5845766834502535,NA,NA,NA,NA,2023-03-31,Severe Storms
fema_only,Jacksonville SMM xAOC,NA,EM-3561-FL,TROPICAL STORM ELSA,Severe Storm,NA,NA,NA,2021-07-08,NA,NA,NA,NA,0,0,5,NA,NA,NA,5.92e-6,0.750992819,38870,1765.91043209,11,11.40625,1979212,1486374,NA,NA,NA,NA,NA,NA,NA,NA,2021-07-04,Severe Storms
fema_only,Jacksonville SMM xAOC,NA,DR-4738-GA,HURRICANE IDALIA,Hurricane,NA,NA,NA,2023-08-30,NA,NA,NA,NA,0,0,1,NA,NA,NA,0.001637037,0.115081154,72847,29120.857305,43,10.041666666666666,1979212,227770,70770.83,0.03758849551646794,65576.67,0.03482972244750977,NA,NA,NA,NA,2023-08-30,Tropical Storms
fema_only,Kansas City SMM xAOC,NA,DR-4449-KS,"SEVERE STORMS, STRAIGHT-LINE WINDS, TORNADOES, FLOODING,LANDSLIDES,AND MUDSLIDES",Severe Storm,NA,NA,NA,2019-07-12,NA,NA,NA,NA,0,0,76,NA,NA,NA,0.011799393,0.180075462,20171,289.148480912,8,76.75,2575598,463802,NA,NA,NA,NA,NA,NA,NA,NA,2019-04-28,Severe Storms
fema_only,Kansas City SMM xAOC,NA,DR-4451-MO,"SEVERE STORMS, TORNADOES, AND FLOODING",Severe Storm,NA,NA,NA,2019-07-05,NA,NA,NA,NA,0,0,68,NA,NA,NA,0.023946413,0.498559946,31092,487.20716966,15,42.94736842105263,2575598,1284090,NA,NA,NA,NA,NA,NA,NA,NA,2019-04-29,Severe Storms
fema_only,Kansas City SMM xAOC,NA,EM-3412-KS,TORNADOES AND FLOODING,Severe Storm,NA,NA,NA,2019-07-12,NA,NA,NA,NA,0,0,65,NA,NA,NA,0,0.096059634,10221,182.17555667,5,67.05,2575598,247411,NA,NA,NA,NA,NA,NA,NA,NA,2019-05-09,Severe Storms
fema_only,Kansas City SMM xAOC,NA,DR-4552-MO,"SEVERE STORMS, TORNADOES, STRAIGHT-LINE WINDS, AND FLOODING",Severe Storm,NA,NA,NA,2020-05-04,NA,NA,NA,NA,0,0,2,NA,NA,NA,6.63e-6,0.014825295,5251,1424.6316137,5,7.125,2575598,38184,NA,NA,NA,NA,NA,NA,NA,NA,2020-05-03,Severe Storms
fema_only,Kansas City SMM xAOC,NA,DR-4612-MO,"SEVERE STORMS, STRAIGHT-LINE WINDS, TORNADOES, AND FLOODING",Severe Storm,NA,NA,NA,2021-07-01,NA,NA,NA,NA,0,0,8,NA,NA,NA,0.006986076,0.047151768,4585,257.56282847,10,3.9722222222222223,2575598,121444,NA,NA,NA,NA,NA,NA,NA,NA,2021-06-24,Severe Storms
fema_only,Kansas City SMM xAOC,NA,DR-4640-KS,SEVERE STORMS AND STRAIGHT LINE WINDS,Severe Storm,NA,NA,NA,2021-12-15,NA,NA,NA,NA,0,0,1,NA,NA,NA,9.86e-4,0.064454546,1195,198.4,1,3,2575598,166009,NA,NA,NA,NA,NA,NA,NA,NA,2021-12-15,Severe Storms
fema_only,Kansas City SMM xAOC,NA,DR-4747-KS,"SEVERE STORMS, STRAIGHT-LINE WINDS, TORNADOES, AND FLOODING",Severe Storm,NA,NA,NA,2023-07-21,NA,NA,NA,NA,0,0,8,NA,NA,NA,2.01e-4,0.298554743,98874,13245.135491,5,103,2575598,768957,NA,NA,NA,NA,NA,NA,NA,NA,2023-07-14,Severe Storms
fema_only,Kansas City SMM xAOC,NA,DR-4741-MO,"SEVERE STORMS, STRAIGHT-LINE WINDS, TORNADOES, AND FLOODING",Severe Storm,NA,NA,NA,2023-08-14,NA,NA,NA,NA,0,0,17,NA,NA,NA,7.8e-5,0.021943254,6471,163.395841293,0,7.55,2575598,56517,NA,NA,NA,NA,NA,NA,NA,NA,2023-07-29,Severe Storms
fema_only,Knoxville SMM xAOC,NA,DR-4428-KY,"SEVERE STORMS, STRAIGHT-LINE WINDS, FLOODING, LANDSLIDES, AND MUDSLIDES",Severe Storm,NA,NA,NA,2019-03-10,NA,NA,NA,NA,0,0,33,NA,NA,NA,0.003951032,0.049379564,1902,41.68696444,3,5.25,1402321,69246,NA,NA,NA,NA,NA,NA,NA,NA,2019-02-06,Severe Storms
fema_only,Knoxville SMM xAOC,NA,DR-4427-TN,"SEVERE STORMS, FLOODING, LANDSLIDES, AND MUDSLIDES",Flood,NA,NA,NA,2019-03-30,NA,NA,NA,NA,0,0,40,NA,NA,NA,0.008340119,0.873974646,18954,575.4282659,12,16.352941176470587,1402321,1225593,NA,NA,NA,NA,NA,NA,NA,NA,2019-02-19,Flood
fema_only,Knoxville SMM xAOC,NA,DR-4540-KY,"SEVERE STORMS, FLOODING, LANDSLIDES, AND MUDSLIDES",Severe Storm,NA,NA,NA,2020-02-29,NA,NA,NA,NA,0,0,27,NA,NA,NA,0.003301471,0.049379564,2055,99.56758778,3,6.916666666666667,1402321,69246,NA,NA,NA,NA,NA,NA,NA,NA,2020-02-03,Severe Storms
fema_only,Knoxville SMM xAOC,NA,DR-4541-TN,"SEVERE STORMS, TORNADOES, STRAIGHT-LINE WINDS, AND FLOODING",Severe Storm,NA,NA,NA,2020-04-13,NA,NA,NA,NA,0,0,2,NA,NA,NA,2.78e-4,0.077393122,4966,1041.41938023,5,13.25,1402321,108530,2197248.88,4.520120961769497,1070141.91,2.201466990602834,NA,NA,NA,NA,2020-04-12,Severe Storms
fema_only,Knoxville SMM xAOC,NA,DR-4592-KY,"SEVERE WINTER STORMS, LANDSLIDES, AND MUDSLIDES",Severe Ice Storm,NA,NA,NA,2021-02-19,NA,NA,NA,NA,0,0,12,NA,NA,NA,8.26e-5,0.030820333,5497,1709.2406956,3,52.5,1402321,43220,NA,NA,NA,NA,NA,NA,NA,NA,2021-02-08,Winter Storms
fema_only,Knoxville SMM xAOC,NA,DR-4594-TN,SEVERE WINTER STORMS,Severe Ice Storm,NA,NA,NA,2021-02-19,NA,NA,NA,NA,0,0,9,NA,NA,NA,3.27e-4,0.029001919,1542,476.26391029,61,9.875,1402321,40670,NA,NA,NA,NA,NA,NA,NA,NA,2021-02-11,Winter Storms
fema_only,Knoxville SMM xAOC,NA,DR-4595-KY,"SEVERE, STORMS, FLOODING, LANDSLIDES, AND MUDSLIDES",Flood,NA,NA,NA,2021-03-14,NA,NA,NA,NA,0,0,16,NA,NA,NA,6.22e-4,0.037071398,1416,43.62606567,2,6.375,1402321,51986,NA,NA,NA,NA,NA,NA,NA,NA,2021-02-27,Flood
fema_only,Knoxville SMM xAOC,NA,DR-4601-TN,"SEVERE STORMS, TORNADOES, AND FLOODING",Tornado,NA,NA,NA,2021-04-03,NA,NA,NA,NA,0,0,10,NA,NA,NA,0.001988752,0.0968202,1804,141.58821452,4,8.05,1402321,135773,NA,NA,NA,NA,NA,NA,NA,NA,2021-03-25,Others
fema_only,Knoxville SMM xAOC,NA,DR-4663-KY,"SEVERE STORMS, FLOODING, LANDSLIDES, AND MUDSLIDES",Flood,NA,NA,NA,2022-08-11,NA,NA,NA,NA,0,0,17,NA,NA,NA,9.65e-4,0.018512167,1063,54.38050144,0,31,1402321,25960,NA,NA,NA,NA,NA,NA,NA,NA,2022-07-26,Flood
fema_only,Knoxville SMM xAOC,NA,DR-4711-KY,"SEVERE STORMS, STRAIGHT-LINE WINDS, FLOODING, LANDSLIDES, AND MUDSLIDES",Flood,NA,NA,NA,2023-02-20,NA,NA,NA,NA,0,0,6,NA,NA,NA,0.00178124,0.037071398,2593,174.93371227,5,4.5,1402321,51986,NA,NA,NA,NA,NA,NA,NA,NA,2023-02-15,Flood
fema_only,Knoxville SMM xAOC,NA,DR-4712-TN,"SEVERE STORMS, STRAIGHT-LINE WINDS, AND TORNADO",Severe Storm,NA,NA,NA,2023-03-03,NA,NA,NA,NA,0,0,3,NA,NA,NA,8.51e-5,0.074873014,17135,1482.8297707000002,1,8.75,1402321,104996,NA,NA,NA,NA,NA,NA,NA,NA,2023-03-01,Severe Storms
fema_only,Knoxville SMM xAOC,NA,DR-4702-KY,"SEVERE STORMS, STRAIGHT-LINE WINDS, TORNADOES, FLOODING, LANDSLIDES, AND MUDSLIDES",Severe Storm,NA,NA,NA,2023-03-04,NA,NA,NA,NA,0,0,2,NA,NA,NA,0,0.012308166,3783,1784.732337,1,27.5,1402321,17260,NA,NA,NA,NA,NA,NA,NA,NA,2023-03-03,Severe Storms
fema_only,Knoxville SMM xAOC,NA,DR-4701-TN,"SEVERE STORMS, STRAIGHT-LINE WINDS, AND TORNADOES",Severe Storm,NA,NA,NA,2023-04-01,NA,NA,NA,NA,0,0,2,NA,NA,NA,0,0.015249718,0,0,0,0,1402321,21385,NA,NA,NA,NA,NA,NA,NA,NA,2023-03-31,Severe Storms
fema_only,Knoxville SMM xAOC,NA,DR-4742-TN,"SEVERE STORMS, STRAIGHT-LINE WINDS, AND TORNADO",Severe Storm,NA,NA,NA,2023-08-07,NA,NA,NA,NA,0,0,1,NA,NA,NA,0.004662884,0.494214235,93609,22116.677215,3,6.05,1402321,693047,NA,NA,NA,NA,NA,NA,NA,NA,2023-08-07,Severe Storms
fema_only,Las Vegas SMM xAOC,NA,DR-4708-NV,"SEVERE WINTER STORMS, FLOODING, LANDSLIDES, AND MUDSLIDES",Flood,NA,NA,NA,2023-03-19,NA,NA,NA,NA,0,0,12,NA,NA,NA,5.34e-4,0.002224744,NA,NA,NA,NA,2327908,5179,NA,NA,NA,NA,NA,NA,NA,NA,2023-03-08,Flood
fema_only,Los Angeles SMM xAOC,NA,DR-4431-CA,"SEVERE WINTER STORMS, FLOODING, LANDSLIDES, AND MUDSLIDES",Severe Storm,NA,NA,NA,2019-02-15,NA,NA,NA,NA,0,0,3,NA,NA,NA,0.026392978,0.131930682,4145,831.8195444,5,38.25,18688367,2465569,NA,NA,NA,NA,NA,NA,NA,NA,2019-02-13,Severe Storms
fema_only,Los Angeles SMM xAOC,NA,EM-3415-CA,EARTHQUAKES,Earthquake,NA,NA,NA,2019-07-12,NA,NA,NA,NA,0,0,9,NA,NA,NA,0,0.116504508,8972,612.68162,1,125,18688367,2177279,NA,NA,NA,NA,NA,NA,NA,NA,2019-07-04,Others
fema_only,Los Angeles SMM xAOC,NA,FM-5293-CA,SADDLERIDGE FIRE,Fire,NA,NA,NA,2019-10-22,NA,NA,NA,NA,0,0,13,NA,NA,NA,0,0.580885692,27179,1521.7946837999998,2,198.25,18688367,10855805,NA,NA,NA,NA,NA,NA,NA,NA,2019-10-10,Fire
fema_only,Los Angeles SMM xAOC,NA,FM-5296-CA,TICK FIRE,Fire,NA,NA,NA,2019-10-29,NA,NA,NA,NA,0,0,6,NA,NA,NA,0,0.535713045,29765,1784.60019,1,111.75,18688367,10011602,NA,NA,NA,NA,NA,NA,NA,NA,2019-10-24,Fire
fema_only,Los Angeles SMM xAOC,NA,FM-5297-CA,GETTY FIRE,Fire,NA,NA,NA,2019-11-02,NA,NA,NA,NA,0,0,6,NA,NA,NA,0,0.535713045,29765,2376.309028,2,140.25,18688367,10011602,NA,NA,NA,NA,NA,NA,NA,NA,2019-10-28,Fire
fema_only,Los Angeles SMM xAOC,NA,FM-5298-CA,EASY FIRE,Fire,NA,NA,NA,2019-11-02,NA,NA,NA,NA,0,0,4,NA,NA,NA,0,0.045172647,17178,2815.055593,3,82.25,18688367,844203,NA,NA,NA,NA,NA,NA,NA,NA,2019-10-30,Fire
fema_only,Los Angeles SMM xAOC,NA,FM-5299-CA,HILL FIRE,Fire,NA,NA,NA,2019-11-01,NA,NA,NA,NA,0,0,3,NA,NA,NA,0,0.131930682,10744,647.9875992,1,42.5,18688367,2465569,NA,NA,NA,NA,NA,NA,NA,NA,2019-10-30,Fire
fema_only,Los Angeles SMM xAOC,NA,FM-5300-CA,46 FIRE,Fire,NA,NA,NA,2019-11-02,NA,NA,NA,NA,0,0,3,NA,NA,NA,0,0.131930682,10744,854.3402778,27,57,18688367,2465569,NA,NA,NA,NA,NA,NA,NA,NA,2019-10-31,Fire
fema_only,Los Angeles SMM xAOC,NA,FM-5301-CA,HILLSIDE FIRE,Fire,NA,NA,NA,2019-11-02,NA,NA,NA,NA,0,0,3,NA,NA,NA,0,0.116504508,5656,637.3541667,1,41.25,18688367,2177279,NA,NA,NA,NA,NA,NA,NA,NA,2019-10-31,Fire
fema_only,Los Angeles SMM xAOC,NA,FM-5302-CA,MARIA FIRE,Fire,NA,NA,NA,2019-11-05,NA,NA,NA,NA,0,0,5,NA,NA,NA,0,0.045172647,2658,347.8875,4,95.75,18688367,844203,NA,NA,NA,NA,NA,NA,NA,NA,2019-11-01,Fire
fema_only,Los Angeles SMM xAOC,NA,FM-5325-CA,APPLE FIRE,Fire,NA,NA,NA,2020-08-11,NA,NA,NA,NA,0,0,10,NA,NA,NA,0,0.24843519,7236,689.5972823,4,128.875,18688367,4642848,NA,NA,NA,NA,NA,NA,NA,NA,2020-08-02,Fire
fema_only,Los Angeles SMM xAOC,NA,FM-5350-CA,EL DORADO FIRE,Fire,NA,NA,NA,2020-09-24,NA,NA,NA,NA,0,0,20,NA,NA,NA,0,0.116504508,32929,1259.583122,1,422.75,18688367,2177279,NA,NA,NA,NA,NA,NA,NA,NA,2020-09-05,Fire
fema_only,Los Angeles SMM xAOC,NA,FM-5383-CA,BOND FIRE,Fire,NA,NA,NA,2020-12-10,NA,NA,NA,NA,0,0,8,NA,NA,NA,0,0.169669774,0,0,0,0,18688367,3170851,NA,NA,NA,NA,NA,NA,NA,NA,2020-12-03,Fire
fema_only,Los Angeles SMM xAOC,NA,FM-5439-CA,COASTAL FIRE,Fire,NA,NA,NA,2022-05-16,NA,NA,NA,NA,0,0,6,NA,NA,NA,0,0.169669774,3618,504.0594468,1,100.75,18688367,3170851,NA,NA,NA,NA,NA,NA,NA,NA,2022-05-11,Fire
fema_only,Los Angeles SMM xAOC,NA,DR-4683-CA,"SEVERE WINTER STORMS, FLOODING, LANDSLIDES, AND MUDSLIDES",Flood,NA,NA,NA,2023-01-31,NA,NA,NA,NA,0,0,36,NA,NA,NA,0.005828045,0.581848484,48776,2750.77046929,1,343.5833333333333,18688367,10873798,NA,NA,NA,NA,NA,NA,NA,NA,2022-12-27,Flood
fema_only,Los Angeles SMM xAOC,NA,EM-3591-CA,"SEVERE WINTER STORMS, FLOODING, AND MUDSLIDES",Flood,NA,NA,NA,2023-01-31,NA,NA,NA,NA,0,0,24,NA,NA,NA,0,0.998990656,93031,3783.5169142,1,309.7,18688367,18669504,NA,NA,NA,NA,NA,NA,NA,NA,2023-01-08,Flood
fema_only,Los Angeles SMM xAOC,NA,DR-4699-CA,"SEVERE WINTER STORMS, STRAIGHT-LINE WINDS, FLOODING, LANDSLIDES, AND MUDSLIDES",Severe Storm,NA,NA,NA,2023-07-10,NA,NA,NA,NA,0,0,140,NA,NA,NA,0.002544185,0.698352991,80663,2994.27136927,0,1492.125,18688367,13051077,NA,NA,NA,NA,NA,NA,NA,NA,2023-02-21,Severe Storms
fema_only,Los Angeles SMM xAOC,NA,EM-3592-CA,"SEVERE WINTER STORMS, FLOODING, LANDSLIDES, AND MUDSLIDES",Flood,NA,NA,NA,2023-07-10,NA,NA,NA,NA,0,0,124,NA,NA,NA,0,0.822850118,88162,2312.14110865,0,1449.375,18688367,15377725,NA,NA,NA,NA,NA,NA,NA,NA,2023-03-09,Flood
fema_only,Louisville SMM xAOC,NA,DR-4428-KY,"SEVERE STORMS, STRAIGHT-LINE WINDS, FLOODING, LANDSLIDES, AND MUDSLIDES",Severe Storm,NA,NA,NA,2019-03-10,NA,NA,NA,NA,0,0,33,NA,NA,NA,0.001489075,0.043599415,1528,74.661314913,3,1.35,1778189,77528,NA,NA,NA,NA,NA,NA,NA,NA,2019-02-06,Severe Storms
fema_only,Louisville SMM xAOC,NA,DR-4592-KY,"SEVERE WINTER STORMS, LANDSLIDES, AND MUDSLIDES",Severe Ice Storm,NA,NA,NA,2021-02-19,NA,NA,NA,NA,0,0,12,NA,NA,NA,0,0.0512842,3637,126.5658719,2,8.833333333333334,1778189,91193,NA,NA,NA,NA,NA,NA,NA,NA,2021-02-08,Winter Storms
fema_only,Louisville SMM xAOC,NA,DR-4595-KY,"SEVERE, STORMS, FLOODING, LANDSLIDES, AND MUDSLIDES",Flood,NA,NA,NA,2021-03-14,NA,NA,NA,NA,0,0,16,NA,NA,NA,0,0.01081831,0,0,0,0,1778189,19237,NA,NA,NA,NA,NA,NA,NA,NA,2021-02-27,Flood
fema_only,Louisville SMM xAOC,NA,EM-3575-KY,"SEVERE STORMS, STRAIGHT-LINE WINDS, FLOODING, AND TORNADOES",Tornado,NA,NA,NA,2021-12-11,NA,NA,NA,NA,0,0,2,NA,NA,NA,3.08e-4,0.27908056999999997,9373,2175.76941352,10,14.208333333333334,1778189,496258,NA,NA,NA,NA,NA,NA,NA,NA,2021-12-10,Others
fema_only,Louisville SMM xAOC,NA,DR-4643-KY,"SEVERE STORMS, STRAIGHT-LINE WINDS, TORNADOES, FLOODING, LANDSLIDES",Severe Storm,NA,NA,NA,2022-01-02,NA,NA,NA,NA,0,0,3,NA,NA,NA,0,0.020629978,0,0,0,0,1778189,36684,NA,NA,NA,NA,NA,NA,NA,NA,2021-12-31,Severe Storms
fema_only,Louisville SMM xAOC,NA,DR-4702-KY,"SEVERE STORMS, STRAIGHT-LINE WINDS, TORNADOES, FLOODING, LANDSLIDES, AND MUDSLIDES",Severe Storm,NA,NA,NA,2023-03-04,NA,NA,NA,NA,0,0,2,NA,NA,NA,0.001980492,0.718199809,183785,87201.3529495,213,28.073529411764707,1778189,1277095,NA,NA,NA,NA,NA,NA,NA,NA,2023-03-03,Severe Storms
fema_only,Memphis SMM xAOC,NA,DR-4427-TN,"SEVERE STORMS, FLOODING, LANDSLIDES, AND MUDSLIDES",Flood,NA,NA,NA,2019-03-30,NA,NA,NA,NA,0,0,40,NA,NA,NA,0.001703205,0.083024105,7512,227.2454925747042,3,7.5625,1807993,150107,NA,NA,NA,NA,NA,NA,NA,NA,2019-02-19,Flood
fema_only,Memphis SMM xAOC,NA,DR-4429-MS,"SEVERE STORMS, STRAIGHT-LINE WINDS, TORNADOES, AND FLOODING",Severe Storm,NA,NA,NA,2019-08-23,NA,NA,NA,NA,0,0,183,NA,NA,NA,0.001491028,0.08533606,6498,93.92825865,4,38.8,1807993,154287,NA,NA,NA,NA,NA,NA,NA,NA,2019-02-22,Severe Storms
fema_only,Memphis SMM xAOC,NA,DR-4470-MS,"SEVERE STORM, STRAIGHT-LINE WINDS, AND FLOODING",Severe Storm,NA,NA,NA,2019-10-26,NA,NA,NA,NA,0,0,1,NA,NA,NA,0.005835563,0.032668268,5063,1407.085106,1,4.25,1807993,59064,NA,NA,NA,NA,NA,NA,NA,NA,2019-10-26,Severe Storms
fema_only,Memphis SMM xAOC,NA,DR-4471-TN,SEVERE STORM AND STRAIGHT-LINE WINDS,Severe Storm,NA,NA,NA,2019-10-26,NA,NA,NA,NA,0,0,1,NA,NA,NA,5.12e-4,0.014193639,0,0,0,0,1807993,25662,NA,NA,NA,NA,NA,NA,NA,NA,2019-10-26,Severe Storms
fema_only,Memphis SMM xAOC,NA,DR-4478-MS,"SEVERE STORMS, TORNADOES, STRAIGHT-LINE WINDS, AND FLOODING",Severe Storm,NA,NA,NA,2020-01-11,NA,NA,NA,NA,0,0,2,NA,NA,NA,0.003394515,0.125163648,18078,4476.308437,3,13.75,1807993,226295,NA,NA,NA,NA,NA,NA,NA,NA,2020-01-10,Severe Storms
fema_only,Memphis SMM xAOC,NA,DR-4536-MS,"SEVERE STORMS, TORNADOES, STRAIGHT-LINE WINDS, AND FLOODING",Severe Storm,NA,NA,NA,2020-04-12,NA,NA,NA,NA,0,0,1,NA,NA,NA,8.53e-4,0.085813385,8199,916.8878391,105,2.625,1807993,155150,NA,NA,NA,NA,NA,NA,NA,NA,2020-04-12,Severe Storms
fema_only,Memphis SMM xAOC,NA,DR-4556-AR,SEVERE STORMS AND STRAIGHT-LINE WINDS,Tornado,NA,NA,NA,2020-04-12,NA,NA,NA,NA,0,0,1,NA,NA,NA,1.5e-4,0.009828025,285,15.35714286,1,0.25,1807993,17769,NA,NA,NA,NA,NA,NA,NA,NA,2020-04-12,Others
fema_only,Memphis SMM xAOC,NA,DR-4550-TN,"SEVERE STORMS, STRAIGHT-LINE WINDS, AND FLOODING",Severe Storm,NA,NA,NA,2020-05-04,NA,NA,NA,NA,0,0,2,NA,NA,NA,2.64e-5,0.020532159,730,69.50280449,2,1.5,1807993,37122,NA,NA,NA,NA,NA,NA,NA,NA,2020-05-03,Severe Storms
fema_only,Memphis SMM xAOC,NA,EM-3541-AR,HURRICANE LAURA,Hurricane,NA,NA,NA,2020-08-28,NA,NA,NA,NA,0,0,3,NA,NA,NA,0,0.099619302,3040,484.25975908,8,17.178571428571427,1807993,180111,NA,NA,NA,NA,NA,NA,NA,NA,2020-08-26,Tropical Storms
fema_only,Memphis SMM xAOC,NA,DR-4594-TN,SEVERE WINTER STORMS,Severe Ice Storm,NA,NA,NA,2021-02-19,NA,NA,NA,NA,0,0,9,NA,NA,NA,0.00598048099999999,0.552058,12564,928.4867526,1,115.75,1807993,998117,NA,NA,NA,NA,NA,NA,NA,NA,2021-02-11,Winter Storms
fema_only,Memphis SMM xAOC,NA,DR-4601-TN,"SEVERE STORMS, TORNADOES, AND FLOODING",Tornado,NA,NA,NA,2021-04-03,NA,NA,NA,NA,0,0,10,NA,NA,NA,0.001031914,0.028048228,0,0,0,0,1807993,50711,236985.2,0.39636276817309257,303121.83,0.5069776831316621,NA,NA,NA,NA,2021-03-25,Others
fema_only,Memphis SMM xAOC,NA,DR-4633-AR,SEVERE STORMS AND TORNADOES,Tornado,NA,NA,NA,2021-12-11,NA,NA,NA,NA,0,0,2,NA,NA,NA,0,0.035519496,7922,2669.556647,14,21.625,1807993,64219,NA,NA,NA,NA,NA,NA,NA,NA,2021-12-10,Others
fema_only,Memphis SMM xAOC,NA,EM-3576-TN,"SEVERE STORMS, STRAIGHT-LINE WINDS, AND TORNADOES",Tornado,NA,NA,NA,2021-12-11,NA,NA,NA,NA,0,0,2,NA,NA,NA,0,0.041064318,1680,389.1038961,1,17.75,1807993,74244,NA,NA,NA,NA,NA,NA,NA,NA,2021-12-10,Others
fema_only,Memphis SMM xAOC,NA,DR-4645-TN,SEVERE WINTER STORM,Severe Storm,NA,NA,NA,2022-02-04,NA,NA,NA,NA,0,0,2,NA,NA,NA,0.033539364,0.606678234,157080,96666.1489843,26,27.333333333333332,1807993,1096870,NA,NA,NA,NA,NA,NA,NA,NA,2022-02-03,Severe Storms
fema_only,Memphis SMM xAOC,NA,DR-4712-TN,"SEVERE STORMS, STRAIGHT-LINE WINDS, AND TORNADO",Severe Storm,NA,NA,NA,2023-03-03,NA,NA,NA,NA,0,0,3,NA,NA,NA,1.11e-4,0.065683883,9911,1745.2998002,2,5.875,1807993,118756,NA,NA,NA,NA,NA,NA,NA,NA,2023-03-01,Severe Storms
fema_only,Memphis SMM xAOC,NA,DR-4697-MS,"SEVERE STORMS, STRAIGHT-LINE WINDS, AND TORNADOES",Severe Storm,NA,NA,NA,2023-03-25,NA,NA,NA,NA,0,0,2,NA,NA,NA,0.00104818,0.018861799,2749,515.1458333,0,22.25,1807993,34102,NA,NA,NA,NA,NA,NA,NA,NA,2023-03-24,Severe Storms
fema_only,Memphis SMM xAOC,NA,DR-4698-AR,SEVERE STORMS AND TORNADOES,Severe Storm,NA,NA,NA,2023-03-31,NA,NA,NA,NA,0,0,1,NA,NA,NA,0.012333964,0.009033774,6752,2407.190476,17,2,1807993,16333,NA,NA,NA,NA,NA,NA,NA,NA,2023-03-31,Severe Storms
fema_only,Memphis SMM xAOC,NA,DR-4701-TN,"SEVERE STORMS, STRAIGHT-LINE WINDS, AND TORNADOES",Severe Storm,NA,NA,NA,2023-04-01,NA,NA,NA,NA,0,0,2,NA,NA,NA,0.040175644,0.07172041,19184,4330.1788193,53,11.8125,1807993,129670,NA,NA,NA,NA,NA,NA,NA,NA,2023-03-31,Severe Storms
fema_only,Memphis SMM xAOC,NA,DR-4729-TN,SEVERE STORMS AND STRAIGHT-LINE WINDS,Severe Storm,NA,NA,NA,2023-06-26,NA,NA,NA,NA,0,0,2,NA,NA,NA,0.015146977,0.575128886,147592,54976.265806,3,25.333333333333332,1807993,1039829,NA,NA,NA,NA,NA,NA,NA,NA,2023-06-25,Severe Storms
fema_only,Memphis SMM xAOC,NA,DR-4748-AR,"SEVERE STORMS, STRAIGHT-LINE WINDS, AND TORNADOES",Severe Storm,NA,NA,NA,2023-06-26,NA,NA,NA,NA,0,0,2,NA,NA,NA,3.24e-4,0.012998944,5070,2241.661458,0,25,1807993,23502,NA,NA,NA,NA,NA,NA,NA,NA,2023-06-25,Severe Storms
fema_only,Memphis SMM xAOC,NA,DR-4735-TN,SEVERE STORMS AND STRAIGHT-LINE WINDS,Severe Storm,NA,NA,NA,2023-07-21,NA,NA,NA,NA,0,0,4,NA,NA,NA,0.00157497,0.575128886,151436,39026.9019487,37,40.75,1807993,1039829,NA,NA,NA,NA,NA,NA,NA,NA,2023-07-18,Severe Storms
fema_only,Miami/West Palm Beach SMM xAOC,NA,EM-3561-FL,TROPICAL STORM ELSA,Severe Storm,NA,NA,NA,2021-07-08,NA,NA,NA,NA,0,0,5,NA,NA,NA,0,0.401952889,6781,666.581812,33,59,6929939,2785509,NA,NA,NA,NA,NA,NA,NA,NA,2021-07-04,Severe Storms
fema_only,Miami/West Palm Beach SMM xAOC,NA,DR-4709-FL,"SEVERE STORMS, TORNADOES, AND FLOODING",Flood,NA,NA,NA,2023-04-14,NA,NA,NA,NA,0,0,3,NA,NA,NA,0.002613648,0.282177808,10140,1547.069444,0,62,6929939,1955475,25464563.14,0.21913067292544097,24653422.01,0.2121505452602937,NA,NA,NA,NA,2023-04-12,Flood
fema_only,Milwaukee SMM xAOC,NA,DR-4477-WI,SEVERE WINTER STORM AND FLOODING,Flood,NA,NA,NA,2020-01-12,NA,NA,NA,NA,0,0,3,NA,NA,NA,0.00457692,0.562300964,6970,527.00269971,3,12,2335004,1312975,NA,NA,NA,NA,NA,NA,NA,NA,2020-01-10,Flood
fema_only,Minneapolis/St. Paul SMM xAOC,NA,DR-4442-MN,"SEVERE WINTER STORM, STRAIGHT-LINE WINDS, AND FLOODING",Flood,NA,NA,NA,2019-04-28,NA,NA,NA,NA,0,0,48,NA,NA,NA,0.029150325,0.278475993,26665,895.8804897196512,14,14.46,4846565,1349652,NA,NA,NA,NA,NA,NA,NA,NA,2019-03-12,Flood
fema_only,Minneapolis/St. Paul SMM xAOC,NA,DR-4459-WI,"SEVERE STORMS, TORNADOES, STRAIGHT-LINE WINDS, AND FLOODING",Flood,NA,NA,NA,2019-07-20,NA,NA,NA,NA,0,0,3,NA,NA,NA,0.004378581,0.018349284,14130,4826.497916,2,25.125,4846565,88931,NA,NA,NA,NA,NA,NA,NA,NA,2019-07-18,Flood
fema_only,Minneapolis/St. Paul SMM xAOC,NA,DR-4659-MN,"SEVERE STORMS, STRAIGHT-LINE WINDS, AND FLOODING",Flood,NA,NA,NA,2022-06-15,NA,NA,NA,NA,0,0,55,NA,NA,NA,7.25e-4,0.009739888,6734,71.02208482,0,27.75,4846565,47205,NA,NA,NA,NA,NA,NA,NA,NA,2022-04-22,Flood
fema_only,Minneapolis/St. Paul SMM xAOC,NA,DR-4658-MN,"SEVERE STORMS, STRAIGHT-LINE WINDS, TORNADOES, AND FLOODING",Severe Storm,NA,NA,NA,2022-05-13,NA,NA,NA,NA,0,0,6,NA,NA,NA,0.007133753,0.097607068,38071,7245.56741803,1179,19.85,4846565,473059,NA,NA,NA,NA,NA,NA,NA,NA,2022-05-08,Severe Storms
fema_only,Minneapolis/St. Paul SMM xAOC,NA,DR-4666-MN,"SEVERE STORMS, STRAIGHT-LINE WINDS, TORNADOES, AND FLOODING",Severe Storm,NA,NA,NA,2022-05-30,NA,NA,NA,NA,0,0,2,NA,NA,NA,0.003265464,0.080226098,31378,4209.13738079,356,4.15,4846565,388821,NA,NA,NA,NA,NA,NA,NA,NA,2022-05-29,Severe Storms
fema_only,Minneapolis/St. Paul SMM xAOC,NA,DR-4722-MN,SEVERE STORMS AND FLOODING,Flood,NA,NA,NA,2023-04-30,NA,NA,NA,NA,0,0,20,NA,NA,NA,0.004246946,0.042047306,3677,233.56186473,1,2.642857142857143,4846565,203785,NA,NA,NA,NA,NA,NA,NA,NA,2023-04-11,Flood
fema_only,Mobile/Pensacola SMM xAOC,NA,DR-4551-MS,"SEVERE STORMS, TORNADOES, STRAIGHT-LINE WINDS, AND FLOODING",Severe Storm,NA,NA,NA,2020-04-23,NA,NA,NA,NA,0,0,2,NA,NA,NA,1.74e-4,0.016293204,5057,736.2033333,1,12.25,1499705,24435,NA,NA,NA,NA,NA,NA,NA,NA,2020-04-22,Severe Storms
fema_only,Mobile/Pensacola SMM xAOC,NA,FM-5307-FL,5 MILE SWAMP FIRE,Fire,NA,NA,NA,2020-06-05,NA,NA,NA,NA,0,0,31,NA,NA,NA,0,0.123082206,3286,37.90619861,1,46.25,1499705,184587,NA,NA,NA,NA,NA,NA,NA,NA,2020-05-06,Fire
fema_only,Mobile/Pensacola SMM xAOC,NA,EM-3539-MS,HURRICANE MARCO AND TROPICAL STORM LAURA,Hurricane,NA,NA,NA,2020-08-29,NA,NA,NA,NA,0,0,7,NA,NA,NA,0,0.025340984,692,30.10961736,2,0.25,1499705,38004,NA,NA,NA,NA,NA,NA,NA,NA,2020-08-23,Tropical Storms
fema_only,Mobile/Pensacola SMM xAOC,NA,EM-3544-MS,HURRICANE SALLY,Hurricane,NA,NA,NA,2020-09-17,NA,NA,NA,NA,0,0,4,NA,NA,NA,0,0.025340984,2528,175.79091473,2,9.375,1499705,38004,NA,NA,NA,NA,NA,NA,NA,NA,2020-09-14,Tropical Storms
fema_only,Mobile/Pensacola SMM xAOC,NA,EM-3545-AL,HURRICANE SALLY,Hurricane,NA,NA,NA,2020-09-16,NA,NA,NA,NA,0,0,3,NA,NA,NA,0.188282208,0.984439607,288508,60180.100100079995,22,24.857142857142858,1499705,1476369,NA,NA,NA,NA,NA,NA,NA,NA,2020-09-14,Tropical Storms
fema_only,Mobile/Pensacola SMM xAOC,NA,EM-3550-MS,HURRICANE ZETA,Hurricane,NA,NA,NA,2020-10-29,NA,NA,NA,NA,0,0,3,NA,NA,NA,0,0.025340984,21140,7056.182179,9,23.75,1499705,38004,NA,NA,NA,NA,NA,NA,NA,NA,2020-10-27,Tropical Storms
fema_only,Mobile/Pensacola SMM xAOC,NA,DR-4573-AL,HURRICANE ZETA,Hurricane,NA,NA,NA,2020-10-29,NA,NA,NA,NA,0,0,2,NA,NA,NA,0.041144191,0.341493161,128470,55333.0443095,337,22.0625,1499705,512139,NA,NA,NA,NA,NA,NA,NA,NA,2020-10-28,Tropical Storms
fema_only,Mobile/Pensacola SMM xAOC,NA,DR-4684-AL,"SEVERE STORMS, STRAIGHT-LINE WINDS, AND TORNADOES",Severe Storm,NA,NA,NA,2023-01-12,NA,NA,NA,NA,0,0,1,NA,NA,NA,5.29e-5,0.283769808,979,165.7666667,4,2.625,1499705,425571,NA,NA,NA,NA,NA,NA,NA,NA,2023-01-12,Severe Storms
fema_only,Mobile/Pensacola SMM xAOC,NA,DR-4727-MS,"SEVERE STORMS, STRAIGHT-LINE WINDS, AND TORNADOES.",Severe Storm,NA,NA,NA,2023-06-19,NA,NA,NA,NA,0,0,6,NA,NA,NA,0,0.009047779,1514,96.72163368,0,19.5,1499705,13569,NA,NA,NA,NA,NA,NA,NA,NA,2023-06-14,Severe Storms
fema_only,Nashville SMM xAOC,NA,DR-4428-KY,"SEVERE STORMS, STRAIGHT-LINE WINDS, FLOODING, LANDSLIDES, AND MUDSLIDES",Severe Storm,NA,NA,NA,2019-03-10,NA,NA,NA,NA,0,0,33,NA,NA,NA,9.46e-4,0.007135537,4553,179.04482473,2,14.625,2983938,21292,NA,NA,NA,NA,NA,NA,NA,NA,2019-02-06,Severe Storms
fema_only,Nashville SMM xAOC,NA,DR-4427-TN,"SEVERE STORMS, FLOODING, LANDSLIDES, AND MUDSLIDES",Flood,NA,NA,NA,2019-03-30,NA,NA,NA,NA,0,0,40,NA,NA,NA,0.003025397,0.206874607,8736,809.309371661,8,2.032608695652174,2983938,617301,NA,NA,NA,NA,NA,NA,NA,NA,2019-02-19,Flood
fema_only,Nashville SMM xAOC,NA,DR-4471-TN,SEVERE STORM AND STRAIGHT-LINE WINDS,Severe Storm,NA,NA,NA,2019-10-26,NA,NA,NA,NA,0,0,1,NA,NA,NA,0.005336341,0.096900137,36834,3500.728814,1,0.6071428571428571,2983938,289144,NA,NA,NA,NA,NA,NA,NA,NA,2019-10-26,Severe Storms
fema_only,Nashville SMM xAOC,NA,DR-4540-KY,"SEVERE STORMS, FLOODING, LANDSLIDES, AND MUDSLIDES",Severe Storm,NA,NA,NA,2020-02-29,NA,NA,NA,NA,0,0,27,NA,NA,NA,2.24e-5,0.00357045,524,81.14285714,1,0.75,2983938,10654,NA,NA,NA,NA,NA,NA,NA,NA,2020-02-03,Severe Storms
fema_only,Nashville SMM xAOC,NA,DR-4476-TN,"SEVERE STORMS, TORNADOES, STRAIGHT-LINE WINDS, AND FLOODING",Tornado,NA,NA,NA,2020-03-03,NA,NA,NA,NA,0,0,1,NA,NA,NA,0.048315469,0.319637003,85638,49294.2321672,3,8.5,2983938,953777,1704114.69,4.4185681198689295,562280.76,1.457927600255399,NA,NA,NA,NA,2020-03-03,Others
fema_only,Nashville SMM xAOC,NA,DR-4550-TN,"SEVERE STORMS, STRAIGHT-LINE WINDS, AND FLOODING",Severe Storm,NA,NA,NA,2020-05-04,NA,NA,NA,NA,0,0,2,NA,NA,NA,0.003397177,0.341909584,161932,65635.911911,6,7.895833333333333,2983938,1020237,NA,NA,NA,NA,NA,NA,NA,NA,2020-05-03,Severe Storms
fema_only,Nashville SMM xAOC,NA,EM-3552-TN,EXPLOSION,Other,NA,NA,NA,2020-12-25,NA,NA,NA,NA,0,0,1,NA,NA,NA,0,0.232243096,1142,58.30952381,1,1.25,2983938,692999,NA,NA,NA,NA,NA,NA,NA,NA,2020-12-25,Others
fema_only,Nashville SMM xAOC,NA,DR-4592-KY,"SEVERE WINTER STORMS, LANDSLIDES, AND MUDSLIDES",Severe Ice Storm,NA,NA,NA,2021-02-19,NA,NA,NA,NA,0,0,12,NA,NA,NA,0,0.003418302,5992,926.3483553,1,90,2983938,10200,NA,NA,NA,NA,NA,NA,NA,NA,2021-02-08,Winter Storms
fema_only,Nashville SMM xAOC,NA,DR-4594-TN,SEVERE WINTER STORMS,Severe Ice Storm,NA,NA,NA,2021-02-19,NA,NA,NA,NA,0,0,9,NA,NA,NA,0.002214962,0.096208768,42583,3108.38856725,5,33.425,2983938,287081,NA,NA,NA,NA,NA,NA,NA,NA,2021-02-11,Winter Storms
fema_only,Nashville SMM xAOC,NA,DR-4595-KY,"SEVERE, STORMS, FLOODING, LANDSLIDES, AND MUDSLIDES",Flood,NA,NA,NA,2021-03-14,NA,NA,NA,NA,0,0,16,NA,NA,NA,0.002219104,0.002220556,368,198.8,6,0.25,2983938,6626,NA,NA,NA,NA,NA,NA,NA,NA,2021-02-27,Flood
fema_only,Nashville SMM xAOC,NA,DR-4601-TN,"SEVERE STORMS, TORNADOES, AND FLOODING",Tornado,NA,NA,NA,2021-04-03,NA,NA,NA,NA,0,0,10,NA,NA,NA,0.011922894,0.452400486,26031,1489.47192535,6,18.392857142857142,2983938,1349935,NA,NA,NA,NA,NA,NA,NA,NA,2021-03-25,Others
fema_only,Nashville SMM xAOC,NA,DR-4609-TN,SEVERE STORM AND FLOODING,Flood,NA,NA,NA,2021-08-21,NA,NA,NA,NA,0,0,1,NA,NA,NA,0.035804736,0.035460857,0,0,0,0,2983938,105813,165258.68000000002,1.0928289060381826,180418.09,1.193075631030082,NA,NA,NA,NA,2021-08-21,Flood
fema_only,Nashville SMM xAOC,NA,DR-4630-KY,"SEVERE STORMS, STRAIGHT-LINE WINDS, FLOODING, AND TORNADOES",Tornado,NA,NA,NA,2021-12-11,NA,NA,NA,NA,0,0,2,NA,NA,NA,4.7e-4,0.037201175,13561,5643.4982647,1967,17.416666666666668,2983938,111006,NA,NA,NA,NA,NA,NA,NA,NA,2021-12-10,Others
fema_only,Nashville SMM xAOC,NA,EM-3576-TN,"SEVERE STORMS, STRAIGHT-LINE WINDS, AND TORNADOES",Tornado,NA,NA,NA,2021-12-11,NA,NA,NA,NA,0,0,2,NA,NA,NA,0.003866214,0.436099544,3126,1019.3392857,2,5.8125,2983938,1301294,NA,NA,NA,NA,NA,NA,NA,NA,2021-12-10,Others
fema_only,Nashville SMM xAOC,NA,DR-4643-KY,"SEVERE STORMS, STRAIGHT-LINE WINDS, TORNADOES, FLOODING, LANDSLIDES",Severe Storm,NA,NA,NA,2022-01-02,NA,NA,NA,NA,0,0,3,NA,NA,NA,2.44e-4,0.023987429,457,5.830188679,0,0.25,2983938,71577,NA,NA,NA,NA,NA,NA,NA,NA,2021-12-31,Severe Storms
fema_only,Nashville SMM xAOC,NA,DR-4663-KY,"SEVERE STORMS, FLOODING, LANDSLIDES, AND MUDSLIDES",Flood,NA,NA,NA,2022-08-11,NA,NA,NA,NA,0,0,17,NA,NA,NA,6.64e-4,0.002220556,0,0,0,0,2983938,6626,NA,NA,NA,NA,NA,NA,NA,NA,2022-07-26,Flood
fema_only,Nashville SMM xAOC,NA,DR-4691-TN,SEVERE WINTER STORM,Winter Storm,NA,NA,NA,2022-12-27,NA,NA,NA,NA,0,0,6,NA,NA,NA,0.001760694,0.313194175,126852,7094.961910101,2,22.35,2983938,934552,NA,NA,NA,NA,NA,NA,NA,NA,2022-12-22,Winter Storms
fema_only,Nashville SMM xAOC,NA,DR-4712-TN,"SEVERE STORMS, STRAIGHT-LINE WINDS, AND TORNADO",Severe Storm,NA,NA,NA,2023-03-03,NA,NA,NA,NA,0,0,3,NA,NA,NA,0.012182165,0.529513348,237317,19287.66763293,9,3.90625,2983938,1580035,NA,NA,NA,NA,NA,NA,NA,NA,2023-03-01,Severe Storms
fema_only,Nashville SMM xAOC,NA,DR-4702-KY,"SEVERE STORMS, STRAIGHT-LINE WINDS, TORNADOES, FLOODING, LANDSLIDES, AND MUDSLIDES",Severe Storm,NA,NA,NA,2023-03-04,NA,NA,NA,NA,0,0,2,NA,NA,NA,0.001365134,0.064680298,48865,26292.5750733,4043,29.083333333333332,2983938,193002,NA,NA,NA,NA,NA,NA,NA,NA,2023-03-03,Severe Storms
fema_only,Nashville SMM xAOC,NA,DR-4701-TN,"SEVERE STORMS, STRAIGHT-LINE WINDS, AND TORNADOES",Severe Storm,NA,NA,NA,2023-04-01,NA,NA,NA,NA,0,0,2,NA,NA,NA,9.77e-4,0.144012376,7467,689.63082539,4,6.375,2983938,429724,1881720.49,0.10062982746145896,416681.39,0.02228310559667705,NA,NA,NA,NA,2023-03-31,Severe Storms
fema_only,Nashville SMM xAOC,NA,DR-4735-TN,SEVERE STORMS AND STRAIGHT-LINE WINDS,Severe Storm,NA,NA,NA,2023-07-21,NA,NA,NA,NA,0,0,4,NA,NA,NA,1.94e-4,0.010827638,10954,703.3718173,0,43.25,2983938,32309,NA,NA,NA,NA,NA,NA,NA,NA,2023-07-18,Severe Storms
fema_only,Nashville SMM xAOC,NA,DR-4742-TN,"SEVERE STORMS, STRAIGHT-LINE WINDS, AND TORNADO",Severe Storm,NA,NA,NA,2023-08-07,NA,NA,NA,NA,0,0,1,NA,NA,NA,0,0.020975972,7023,4001.4743593,12,5.625,2983938,62591,NA,NA,NA,NA,NA,NA,NA,NA,2023-08-07,Severe Storms
fema_only,Nashville SMM xAOC,NA,DR-4751-TN,SEVERE STORMS AND TORNADOES,Severe Storm,NA,NA,NA,2023-12-09,NA,NA,NA,NA,0,0,1,NA,NA,NA,0.001564476,0.427079584,54528,8668.537975700001,667,1.9642857142857144,2983938,1274379,12304.49,0.00161733763164702,15580.69,0.00204797080285542,NA,NA,NA,NA,2023-12-09,Severe Storms
fema_only,New Orleans SMM xAOC,NA,EM-3413-LA,FLOODING,Flood,NA,NA,NA,2019-06-17,NA,NA,NA,NA,0,0,39,NA,NA,NA,0,0.062613209,777,37.99853209,1,15,1766640,110615,NA,NA,NA,NA,NA,NA,NA,NA,2019-05-10,Flood
fema_only,New Orleans SMM xAOC,NA,DR-4559-LA,HURRICANE LAURA,Hurricane,NA,NA,NA,2020-08-27,NA,NA,NA,NA,0,0,6,NA,NA,NA,0.006931059,0.941456663,15119,753.15710627,12,10.125,1766640,1663215,NA,NA,NA,NA,NA,NA,NA,NA,2020-08-22,Tropical Storms
fema_only,New Orleans SMM xAOC,NA,EM-3538-LA,TROPICAL STORMS LAURA  AND MARCO,Hurricane,NA,NA,NA,2020-08-27,NA,NA,NA,NA,0,0,6,NA,NA,NA,0,0.941456663,15119,753.15710627,12,10.125,1766640,1663215,NA,NA,NA,NA,NA,NA,NA,NA,2020-08-22,Tropical Storms
fema_only,New Orleans SMM xAOC,NA,EM-3543-LA,HURRICANE SALLY,Hurricane,NA,NA,NA,2020-09-16,NA,NA,NA,NA,0,0,4,NA,NA,NA,0.002736647,0.941456663,10778,987.129513317,16,5.625,1766640,1663215,NA,NA,NA,NA,NA,NA,NA,NA,2020-09-13,Tropical Storms
fema_only,New Orleans SMM xAOC,NA,EM-3544-MS,HURRICANE SALLY,Hurricane,NA,NA,NA,2020-09-17,NA,NA,NA,NA,0,0,4,NA,NA,NA,6.29e-5,0.058543337,670,37.05328844,2,0.875,1766640,103425,NA,NA,NA,NA,NA,NA,NA,NA,2020-09-14,Tropical Storms
fema_only,New Orleans SMM xAOC,NA,DR-4577-LA,HURRICANE ZETA,Hurricane,NA,NA,NA,2020-10-29,NA,NA,NA,NA,0,0,4,NA,NA,NA,0.043247959,0.941456663,519485,130866.9018398,25,27.833333333333332,1766640,1663215,NA,NA,NA,NA,NA,NA,NA,NA,2020-10-26,Tropical Storms
fema_only,New Orleans SMM xAOC,NA,EM-3549-LA,TROPICAL STORM ZETA,Hurricane,NA,NA,NA,2020-10-29,NA,NA,NA,NA,0,0,4,NA,NA,NA,0,0.941456663,519485,130866.9018398,25,27.833333333333332,1766640,1663215,NA,NA,NA,NA,NA,NA,NA,NA,2020-10-26,Tropical Storms
fema_only,New Orleans SMM xAOC,NA,EM-3550-MS,HURRICANE ZETA,Hurricane,NA,NA,NA,2020-10-29,NA,NA,NA,NA,0,0,3,NA,NA,NA,0,0.058543337,32000,7599.245834,2,25.5,1766640,103425,NA,NA,NA,NA,NA,NA,NA,NA,2020-10-27,Tropical Storms
fema_only,New Orleans SMM xAOC,NA,DR-4576-MS,HURRICANE ZETA,Hurricane,NA,NA,NA,2020-10-29,NA,NA,NA,NA,0,0,2,NA,NA,NA,0.0169176,0.026985124,20924,8226.795656,1,25.5,1766640,47673,NA,NA,NA,NA,NA,NA,NA,NA,2020-10-28,Tropical Storms
fema_only,New Orleans SMM xAOC,NA,DR-4590-LA,SEVERE WINTER STORMS,Severe Ice Storm,NA,NA,NA,2021-02-19,NA,NA,NA,NA,0,0,9,NA,NA,NA,1.34e-4,0.941456663,78658,3195.91879513,11,35.75,1766640,1663215,NA,NA,NA,NA,NA,NA,NA,NA,2021-02-11,Winter Storms
fema_only,New Orleans SMM xAOC,NA,EM-3556-LA,SEVERE WINTER STORM,Severe Ice Storm,NA,NA,NA,2021-02-19,NA,NA,NA,NA,0,0,9,NA,NA,NA,0,0.941456663,78658,3195.91879513,11,35.75,1766640,1663215,NA,NA,NA,NA,NA,NA,NA,NA,2021-02-11,Winter Storms
fema_only,New Orleans SMM xAOC,NA,DR-4606-LA,"SEVERE STORMS, TORNADOES, AND FLOODING",Flood,NA,NA,NA,2021-05-21,NA,NA,NA,NA,0,0,5,NA,NA,NA,0,0.055256306,1378,62.42607143,1,14.5,1766640,97618,NA,NA,NA,NA,NA,NA,NA,NA,2021-05-17,Flood
fema_only,New Orleans SMM xAOC,NA,EM-3574-LA,TROPICAL STORM NICHOLAS,Coastal Storm,NA,NA,NA,2021-09-18,NA,NA,NA,NA,0,0,7,NA,NA,NA,3.2e-6,0.941456663,158637,71230.05529424,24922,130.47916666666666,1766640,1663215,NA,NA,NA,NA,NA,NA,NA,NA,2021-09-12,Tropical Storms
fema_only,New York SMM xAOC,NA,EM-3535-CT,TROPICAL STORM ISAIAS,Hurricane,NA,NA,NA,2020-08-04,NA,NA,NA,NA,0,0,1,NA,NA,NA,0.11945859,0.5577724980000001,175182,33121.69792,2,21.75,21214705,11832979,NA,NA,NA,NA,NA,NA,NA,NA,2020-08-04,Tropical Storms
fema_only,New York SMM xAOC,NA,DR-4597-NJ,SEVERE WINTER STORM AND SNOWSTORM,Snowstorm,NA,NA,NA,2021-02-02,NA,NA,NA,NA,0,0,3,NA,NA,NA,0.008406672,0.063410733,8315,574.6879976,8,8.4375,21214705,1345240,NA,NA,NA,NA,NA,NA,NA,NA,2021-01-31,Winter Storms
fema_only,New York SMM xAOC,NA,DR-4629-CT,REMNANTS OF HURRICANE IDA,Hurricane,NA,NA,NA,2021-09-02,NA,NA,NA,NA,0,0,2,NA,NA,NA,0.003160092,0.044515726,9453,2742.71308,1,23.75,21214705,944388,NA,NA,NA,NA,NA,NA,NA,NA,2021-09-01,Tropical Storms
fema_only,New York SMM xAOC,NA,EM-3572-NY,REMNANTS OF HURRICANE IDA,Hurricane,NA,NA,NA,2021-09-03,NA,NA,NA,NA,0,0,3,NA,NA,NA,0.413567951,1,69699,13185.03629216,32,34.714285714285715,21214705,21214705,NA,NA,NA,NA,NA,NA,NA,NA,2021-09-01,Tropical Storms
fema_only,New York SMM xAOC,NA,DR-4694-NY,SEVERE WINTER STORM AND SNOWSTORM,Snowstorm,NA,NA,NA,2022-12-28,NA,NA,NA,NA,0,0,6,NA,NA,NA,3.12e-4,0.069683976,7902,491.6486895,4,43.5,21214705,1478325,NA,NA,NA,NA,NA,NA,NA,NA,2022-12-23,Winter Storms
fema_only,New York SMM xAOC,NA,DR-4723-NY,SEVERE STORMS AND FLOODING,Severe Storm,NA,NA,NA,2023-07-10,NA,NA,NA,NA,0,0,2,NA,NA,NA,0.010498328,0.05202745,8371,2028.8495833,10,20.25,21214705,1103747,NA,NA,NA,NA,NA,NA,NA,NA,2023-07-09,Severe Storms
fema_only,New York SMM xAOC,NA,DR-4725-NJ,SEVERE STORM AND FLOODING,Severe Storm,NA,NA,NA,2023-07-15,NA,NA,NA,NA,0,0,2,NA,NA,NA,0.002391933,0.004970845,1145,399.6014093,4,25.5,21214705,105455,NA,NA,NA,NA,NA,NA,NA,NA,2023-07-14,Severe Storms
fema_only,New York SMM xAOC,NA,DR-4755-NY,SEVERE STORM AND FLOODING,Flood,NA,NA,NA,2023-09-30,NA,NA,NA,NA,0,0,3,NA,NA,NA,0.0012826,0.230352909,4539,909.0578547,89,42.75,21214705,4886869,NA,NA,NA,NA,NA,NA,NA,NA,2023-09-28,Flood
fema_only,Norfolk/Portsmouth/Newport News SMM xAOC,NA,DR-4543-NC,"SEVERE STORMS, TORNADOES, AND FLOODING",Severe Storm,NA,NA,NA,2020-02-19,NA,NA,NA,NA,0,0,14,NA,NA,NA,0,0.013326528,697,117.3970983,1,5.5,1018870,13578,NA,NA,NA,NA,NA,NA,NA,NA,2020-02-06,Severe Storms
fema_only,Norfolk/Portsmouth/Newport News SMM xAOC,NA,DR-4588-NC,TROPICAL STORM ETA,Severe Storm,NA,NA,NA,2020-11-15,NA,NA,NA,NA,0,0,4,NA,NA,NA,0,0.023204138,1192,125.8174603,1,5.5,1018870,23642,NA,NA,NA,NA,NA,NA,NA,NA,2020-11-12,Severe Storms
fema_only,Orlando/Daytona Beach/Melborne SMM xAOC,NA,EM-3551-FL,HURRICANE ETA,Hurricane,NA,NA,NA,2020-11-12,NA,NA,NA,NA,0,0,6,NA,NA,NA,0,0.114138681,7362,289.70386838999997,2,19.375,4378612,499769,NA,NA,NA,NA,NA,NA,NA,NA,2020-11-07,Tropical Storms
fema_only,Orlando/Daytona Beach/Melborne SMM xAOC,NA,EM-3561-FL,TROPICAL STORM ELSA,Severe Storm,NA,NA,NA,2021-07-08,NA,NA,NA,NA,0,0,5,NA,NA,NA,9.14e-6,0.197941722,6116,223.44439762,3,18.833333333333332,4378612,866710,NA,NA,NA,NA,NA,NA,NA,NA,2021-07-04,Severe Storms
fema_only,Philadelphia SMM xAOC,NA,DR-4566-DE,TROPICAL STORM ISAIAS,Hurricane,NA,NA,NA,2020-08-07,NA,NA,NA,NA,0,0,4,NA,NA,NA,0.002115083,0.090958676,35579,7312.790949,5,58,8151317,741433,NA,NA,NA,NA,NA,NA,NA,NA,2020-08-04,Tropical Storms
fema_only,Philadelphia SMM xAOC,NA,DR-4574-NJ,TROPICAL STORM ISAIAS,Hurricane,NA,NA,NA,2020-08-04,NA,NA,NA,NA,0,0,1,NA,NA,NA,0.007395722,0.160126026,227936,106164.492509,36,11.541666666666666,8151317,1305238,NA,NA,NA,NA,NA,NA,NA,NA,2020-08-04,Tropical Storms
fema_only,Philadelphia SMM xAOC,NA,DR-4597-NJ,SEVERE WINTER STORM AND SNOWSTORM,Snowstorm,NA,NA,NA,2021-02-02,NA,NA,NA,NA,0,0,3,NA,NA,NA,0.001069029,0.011316822,240,24.29674338,4,2.5,8151317,92247,NA,NA,NA,NA,NA,NA,NA,NA,2021-01-31,Winter Storms
fema_only,Philadelphia SMM xAOC,NA,DR-4618-PA,REMNANTS OF HURRICANE IDA,Hurricane,NA,NA,NA,2021-09-05,NA,NA,NA,NA,0,0,6,NA,NA,NA,0.068925445,0.544747922,87768,14005.2838147,20,86.45833333333333,8151317,4440413,21340344.59,1.375004373090845,11056382.85,0.7123865645749922,NA,NA,NA,NA,2021-08-31,Tropical Storms
fema_only,Philadelphia SMM xAOC,NA,DR-4627-DE,REMNANTS OF HURRICANE IDA,Hurricane,NA,NA,NA,2021-09-07,NA,NA,NA,NA,0,0,7,NA,NA,NA,0.001490792,0.068693317,3338,182.6833041,4,60.75,8151317,559941,NA,NA,NA,NA,NA,NA,NA,NA,2021-09-01,Tropical Storms
fema_only,Philadelphia SMM xAOC,NA,EM-3573-NJ,REMNANTS OF HURRICANE IDA,Hurricane,NA,NA,NA,2021-09-03,NA,NA,NA,NA,0,0,3,NA,NA,NA,0.011318809,0.534830874,27949,3194.013820229,32,17.21875,8151317,4359576,NA,NA,NA,NA,NA,NA,NA,NA,2021-09-01,Tropical Storms
fema_only,Phoenix/Prescott SMM xAOC,NA,FM-5284-AZ,MUSEUM FIRE,Fire,NA,NA,NA,2019-08-12,NA,NA,NA,NA,0,0,22,NA,NA,NA,0,0.024897,0,0,0,0,5782504,143967,NA,NA,NA,NA,NA,NA,NA,NA,2019-07-22,Fire
fema_only,Phoenix/Prescott SMM xAOC,NA,FM-5310-AZ,EAST DESERT FIRE,Fire,NA,NA,NA,2020-05-22,NA,NA,NA,NA,0,0,6,NA,NA,NA,0,0.776871231,0,0,0,0,5782504,4492261,NA,NA,NA,NA,NA,NA,NA,NA,2020-05-17,Fire
fema_only,Phoenix/Prescott SMM xAOC,NA,FM-5311-AZ,OCOTILLO FIRE,Fire,NA,NA,NA,2020-06-03,NA,NA,NA,NA,0,0,5,NA,NA,NA,0,0.776871231,0,0,0,0,5782504,4492261,NA,NA,NA,NA,NA,NA,NA,NA,2020-05-30,Fire
fema_only,Phoenix/Prescott SMM xAOC,NA,FM-5313-AZ,BUSH FIRE,Fire,NA,NA,NA,2020-07-06,NA,NA,NA,NA,0,0,17,NA,NA,NA,0,0.786223062,0,0,0,0,5782504,4546338,NA,NA,NA,NA,NA,NA,NA,NA,2020-06-20,Fire
fema_only,Phoenix/Prescott SMM xAOC,NA,FM-5314-AZ,AQUILA FIRE,Fire,NA,NA,NA,2020-06-26,NA,NA,NA,NA,0,0,4,NA,NA,NA,0,0.776871231,0,0,0,0,5782504,4492261,NA,NA,NA,NA,NA,NA,NA,NA,2020-06-23,Fire
fema_only,Phoenix/Prescott SMM xAOC,NA,FM-5315-AZ,AVONDALE FIRE,Fire,NA,NA,NA,2020-06-30,NA,NA,NA,NA,0,0,4,NA,NA,NA,0,0.776871231,0,0,0,0,5782504,4492261,NA,NA,NA,NA,NA,NA,NA,NA,2020-06-27,Fire
fema_only,Phoenix/Prescott SMM xAOC,NA,FM-5340-AZ,GRIFFIN FIRE,Fire,NA,NA,NA,2020-09-06,NA,NA,NA,NA,0,0,21,NA,NA,NA,0,0.009351831,0,0,0,0,5782504,54077,NA,NA,NA,NA,NA,NA,NA,NA,2020-08-17,Fire
fema_only,Phoenix/Prescott SMM xAOC,NA,FM-5385-AZ,MARGO FIRE,Fire,NA,NA,NA,2021-04-10,NA,NA,NA,NA,0,0,3,NA,NA,NA,0,0.079833927,1654,353.1997019,1,3,5782504,461640,NA,NA,NA,NA,NA,NA,NA,NA,2021-04-08,Fire
fema_only,Phoenix/Prescott SMM xAOC,NA,FM-5389-AZ,TELEGRAPH FIRE,Fire,NA,NA,NA,2021-06-24,NA,NA,NA,NA,0,0,19,NA,NA,NA,0,0.089185758,3444,344.9358433,6,76.25,5782504,515717,NA,NA,NA,NA,NA,NA,NA,NA,2021-06-06,Fire
fema_only,Phoenix/Prescott SMM xAOC,NA,DR-4620-AZ,SEVERE STORMS AND FLOODING,Flood,NA,NA,NA,2021-07-24,NA,NA,NA,NA,0,0,3,NA,NA,NA,6.77e-4,0.044099235,5461,598.8936294,14,11.25,5782504,255004,NA,NA,NA,NA,NA,NA,NA,NA,2021-07-22,Flood
fema_only,Phoenix/Prescott SMM xAOC,NA,FM-5435-AZ,CROOKS FIRE,Fire,NA,NA,NA,2022-05-02,NA,NA,NA,NA,0,0,15,NA,NA,NA,0,0.040823491,658,47.75056755,0,5.75,5782504,236062,NA,NA,NA,NA,NA,NA,NA,NA,2022-04-18,Fire
fema_only,Phoenix/Prescott SMM xAOC,NA,FM-5434-AZ,TUNNEL 2 FIRE,Fire,NA,NA,NA,2022-04-28,NA,NA,NA,NA,0,0,10,NA,NA,NA,0,0.024897,3772,209.1742217,0,33.75,5782504,143967,NA,NA,NA,NA,NA,NA,NA,NA,2022-04-19,Fire
fema_only,Phoenix/Prescott SMM xAOC,NA,FM-5441-AZ,PIPELINE FIRE,Fire,NA,NA,NA,2022-06-24,NA,NA,NA,NA,0,0,13,NA,NA,NA,0,0.024897,4629,496.8801703,5,41.75,5782504,143967,NA,NA,NA,NA,NA,NA,NA,NA,2022-06-12,Fire
fema_only,Phoenix/Prescott SMM xAOC,NA,FM-5466-AZ,DIAMOND FIRE,Fire,NA,NA,NA,2023-07-07,NA,NA,NA,NA,0,0,11,NA,NA,NA,0,0.776871231,0,0,0,0,5782504,4492261,NA,NA,NA,NA,NA,NA,NA,NA,2023-06-27,Fire
fema_only,Pittsburgh SMM xAOC,NA,DR-4455-WV,"SEVERE STORMS, FLOODING, LANDSLIDES, AND MUDSLIDES",Flood,NA,NA,NA,2019-06-30,NA,NA,NA,NA,0,0,2,NA,NA,NA,0,0.012005179,0,0,0,0,2788713,33479,NA,NA,NA,NA,NA,NA,NA,NA,2019-06-29,Flood
fema_only,Portland OR SMM xAOC,NA,DR-4432-OR,"SEVERE WINTER STORMS, FLOODING, LANDSLIDES, AND MUDSLIDES",Severe Storm,NA,NA,NA,2019-02-26,NA,NA,NA,NA,0,0,4,NA,NA,NA,3.63e-5,0.007099706,1494,144.1355299,1,25.25,3471552,24647,NA,NA,NA,NA,NA,NA,NA,NA,2019-02-23,Severe Storms
fema_only,Portland OR SMM xAOC,NA,DR-4452-OR,"SEVERE STORMS, FLOODING, LANDSLIDES, AND MUDSLIDES",Flood,NA,NA,NA,2019-04-21,NA,NA,NA,NA,0,0,16,NA,NA,NA,0.001880956,0.039783935,1466,11.94918965,1,0.3333333333333333,3471552,138112,NA,NA,NA,NA,NA,NA,NA,NA,2019-04-06,Flood
fema_only,Portland OR SMM xAOC,NA,DR-4539-WA,"SEVERE STORMS, FLOODING, LANDSLIDES, AND MUDSLIDES",Flood,NA,NA,NA,2020-02-10,NA,NA,NA,NA,0,0,22,NA,NA,NA,3.43e-5,0.001273206,0,0,0,0,3471552,4420,NA,NA,NA,NA,NA,NA,NA,NA,2020-01-20,Flood
fema_only,Portland OR SMM xAOC,NA,DR-4519-OR,"SEVERE STORMS, FLOODING, LANDSLIDES, AND MUDSLIDES",Flood,NA,NA,NA,2020-02-09,NA,NA,NA,NA,0,0,5,NA,NA,NA,4.41e-4,0.00770059,153,15.79310819,1,2,3471552,26733,1765610.86,1.7965455783129711,2170689.94,2.208721922788495,NA,NA,NA,NA,2020-02-05,Flood
fema_only,Portland OR SMM xAOC,NA,FM-5327-OR,MOSIER CREEK FIRE,Fire,NA,NA,NA,2020-08-19,NA,NA,NA,NA,0,0,8,NA,NA,NA,0,0.007642691,685,52.378881989999996,1,2.5,3471552,26532,NA,NA,NA,NA,NA,NA,NA,NA,2020-08-12,Fire
fema_only,Portland OR SMM xAOC,NA,FM-5341-OR,WHITE RIVER FIRE,Fire,NA,NA,NA,2020-09-10,NA,NA,NA,NA,0,0,25,NA,NA,NA,0,0.007642691,0,0,0,0,3471552,26532,NA,NA,NA,NA,NA,NA,NA,NA,2020-08-17,Fire
fema_only,Portland OR SMM xAOC,NA,DR-4593-WA,"SEVERE WINTER STORM, STRAIGHT-LINE WINDS, FLOODING, LANDSLIDES, AND MUDSLIDES",Severe Storm,NA,NA,NA,2021-01-16,NA,NA,NA,NA,0,0,19,NA,NA,NA,5.95e-4,0.043017647,566,165.1764706,1,0.6875,3471552,149338,NA,NA,NA,NA,NA,NA,NA,NA,2020-12-29,Severe Storms
fema_only,Portland OR SMM xAOC,NA,DR-4599-OR,SEVERE WINTER STORM,Severe Storm,NA,NA,NA,2021-02-15,NA,NA,NA,NA,0,0,5,NA,NA,NA,0.021820812,0.313442518,265873,114934.853356,28,83.85,3471552,1088132,NA,NA,NA,NA,NA,NA,NA,NA,2021-02-11,Severe Storms
fema_only,Portland OR SMM xAOC,NA,DR-4650-WA,"SEVERE WINTER STORMS, SNOWSTORMS, STRAIGHT-LINE WINDS, FLOODIN",Flood,NA,NA,NA,2022-01-15,NA,NA,NA,NA,0,0,21,NA,NA,NA,0.003763097,0.043017647,157,65.66666667,0,0.125,3471552,149338,NA,NA,NA,NA,NA,NA,NA,NA,2021-12-26,Flood
fema_only,Portland OR SMM xAOC,NA,FM-5446-OR,MILLER ROAD FIRE,Fire,NA,NA,NA,2022-08-07,NA,NA,NA,NA,0,0,6,NA,NA,NA,0,0.007642691,0,0,0,0,3471552,26532,NA,NA,NA,NA,NA,NA,NA,NA,2022-08-02,Fire
fema_only,Portland OR SMM xAOC,NA,FM-5456-WA,NAKIA CREEK FIRE,Fire,NA,NA,NA,2022-10-22,NA,NA,NA,NA,0,0,7,NA,NA,NA,0,0.144421573,1572,78.13326869,1,2.25,3471552,501367,NA,NA,NA,NA,NA,NA,NA,NA,2022-10-16,Fire
fema_only,Portland OR SMM xAOC,NA,DR-4682-WA,"SEVERE WINTER STORM, STRAIGHT-LINE WINDS, FLOODING, LANDSLIDES, AND MUDSLIDES",Severe Storm,NA,NA,NA,2022-11-08,NA,NA,NA,NA,0,0,6,NA,NA,NA,1.66e-4,0.004757526,0,0,0,0,3471552,16516,NA,NA,NA,NA,NA,NA,NA,NA,2022-11-03,Severe Storms
fema_only,Portland OR SMM xAOC,NA,FM-5467-WA,TUNNEL FIVE FIRE,Fire,NA,NA,NA,2023-07-11,NA,NA,NA,NA,0,0,10,NA,NA,NA,0,0.003484321,0,0,0,0,3471552,12096,NA,NA,NA,NA,NA,NA,NA,NA,2023-07-02,Fire
fema_only,Portland OR SMM xAOC,NA,FM-5470-WA,NEWELL ROAD FIRE,Fire,NA,NA,NA,2023-07-29,NA,NA,NA,NA,0,0,9,NA,NA,NA,0,0.006461951,0,0,0,0,3471552,22433,NA,NA,NA,NA,NA,NA,NA,NA,2023-07-21,Fire
fema_only,Portland OR SMM xAOC,NA,FM-5483-OR,LIBERTY FIRE,Fire,NA,NA,NA,2023-08-24,NA,NA,NA,NA,0,0,1,NA,NA,NA,0,0.100115741,0,0,0,0,3471552,347557,NA,NA,NA,NA,NA,NA,NA,NA,2023-08-24,Fire
fema_only,Providence RI/New Bedford MA SMM xAOC,NA,FM-5464-RI,QUEENS RIVER FIRE,Fire,NA,NA,NA,2023-04-16,NA,NA,NA,NA,0,0,3,NA,NA,NA,0,0.077544241,0,0,0,0,1623254,125874,NA,NA,NA,NA,NA,NA,NA,NA,2023-04-14,Fire
fema_only,Providence RI/New Bedford MA SMM xAOC,NA,DR-4753-RI,"SEVERE STORMS, FLOODING, AND TORNADOES",Severe Storm,NA,NA,NA,2023-09-13,NA,NA,NA,NA,0,0,4,NA,NA,NA,0,0.392453676,336,69.46095375,1,20.75,1623254,637052,1854307.74,0.05240991553419752,3046611.31,0.0861090303288228,NA,NA,NA,NA,2023-09-10,Severe Storms
fema_only,Providence RI/New Bedford MA SMM xAOC,NA,DR-4780-MA,SEVERE STORMS AND FLOODING,Flood,NA,NA,NA,2023-09-13,NA,NA,NA,NA,0,0,3,NA,NA,NA,0,0.348125432,2844,167.1167129,0,2.5,1623254,565096,3418737.01,0.1275691252139986,5062837.350000001,0.1889182262195298,NA,NA,NA,NA,2023-09-11,Flood
fema_only,Providence RI/New Bedford MA SMM xAOC,NA,EM-3599-MA,HURRICANE LEE,Hurricane,NA,NA,NA,2023-09-17,NA,NA,NA,NA,0,0,3,NA,NA,NA,0,0.348125432,1435,167.9900246,1,5.75,1623254,565096,NA,NA,NA,NA,NA,NA,NA,NA,2023-09-15,Tropical Storms
fema_only,Providence RI/New Bedford MA SMM xAOC,NA,DR-4765-RI,SEVERE STORM AND FLOODING,Severe Storm,NA,NA,NA,2023-12-19,NA,NA,NA,NA,0,0,3,NA,NA,NA,0,0.571173088,34368,8515.354394,3,38.75,1623254,927159,2574096.17,0.07275392316843877,4923460.21,0.13915604631089032,NA,NA,NA,NA,2023-12-17,Severe Storms
fema_only,Raleigh/Durham/Fayetteville SMM xAOC,NA,DR-4543-NC,"SEVERE STORMS, TORNADOES, AND FLOODING",Severe Storm,NA,NA,NA,2020-02-19,NA,NA,NA,NA,0,0,14,NA,NA,NA,0,0.037454608,2096,79.72981917,1,29,3308111,123904,NA,NA,NA,NA,NA,NA,NA,NA,2020-02-06,Severe Storms
fema_only,Raleigh/Durham/Fayetteville SMM xAOC,NA,EM-3534-NC,HURRICANE ISAIAS,Hurricane,NA,NA,NA,2020-08-04,NA,NA,NA,NA,0,0,5,NA,NA,NA,0,0.990712827,50501,4771.54455668,22,15.420454545454543,3308111,3277388,NA,NA,NA,NA,NA,NA,NA,NA,2020-07-31,Tropical Storms
fema_only,Raleigh/Durham/Fayetteville SMM xAOC,NA,DR-4588-NC,TROPICAL STORM ETA,Severe Storm,NA,NA,NA,2020-11-15,NA,NA,NA,NA,0,0,4,NA,NA,NA,8.78e-6,0.059422432,4837,64.36601621,1,1.75,3308111,196576,NA,NA,NA,NA,NA,NA,NA,NA,2020-11-12,Severe Storms
fema_only,Raleigh/Durham/Fayetteville SMM xAOC,NA,DR-4602-VA,SEVERE WINTER STORMS,Severe Ice Storm,NA,NA,NA,2021-02-13,NA,NA,NA,NA,0,0,3,NA,NA,NA,3.02e-4,0.009287173,11709,1819.999226,1,15.25,3308111,30723,NA,NA,NA,NA,NA,NA,NA,NA,2021-02-11,Winter Storms
fema_only,Sacramento/Stockton/Modesto SMM xAOC,NA,DR-4431-CA,"SEVERE WINTER STORMS, FLOODING, LANDSLIDES, AND MUDSLIDES",Severe Storm,NA,NA,NA,2019-02-15,NA,NA,NA,NA,0,0,3,NA,NA,NA,8.36e-4,0.014754708,3575,1092.55297,2,16.375,4581114,67593,NA,NA,NA,NA,NA,NA,NA,NA,2019-02-13,Severe Storms
fema_only,Sacramento/Stockton/Modesto SMM xAOC,NA,DR-4434-CA,"SEVERE WINTER STORMS, FLOODING, LANDSLIDES, AND MUDSLIDES",Severe Storm,NA,NA,NA,2019-03-01,NA,NA,NA,NA,0,0,6,NA,NA,NA,0.002659009,0.115372156,7951,327.880127013,3,6.15,4581114,528533,NA,NA,NA,NA,NA,NA,NA,NA,2019-02-24,Severe Storms
fema_only,Sacramento/Stockton/Modesto SMM xAOC,NA,DR-4558-CA,WILDFIRES,Fire,NA,NA,NA,2020-09-26,NA,NA,NA,NA,0,0,44,NA,NA,NA,0.004843204,0.321256358,111259,4316.04136397,8,186.0625,4581114,1471712,NA,NA,NA,NA,NA,NA,NA,NA,2020-08-14,Fire
fema_only,Sacramento/Stockton/Modesto SMM xAOC,NA,FM-5331-CA,LNU LIGHTNING FIRE COMPLEX,Fire,NA,NA,NA,2020-10-02,NA,NA,NA,NA,0,0,47,NA,NA,NA,0,0.145696658,0,0,0,0,4581114,667453,NA,NA,NA,NA,NA,NA,NA,NA,2020-08-17,Fire
fema_only,Sacramento/Stockton/Modesto SMM xAOC,NA,FM-5363-CA,BEAR FIRE,Fire,NA,NA,NA,2020-09-09,NA,NA,NA,NA,0,0,24,NA,NA,NA,0,0.02130508,0,0,0,0,4581114,97601,NA,NA,NA,NA,NA,NA,NA,NA,2020-08-17,Fire
fema_only,Sacramento/Stockton/Modesto SMM xAOC,NA,FM-5332-CA,JONES FIRE,Fire,NA,NA,NA,2020-08-27,NA,NA,NA,NA,0,0,10,NA,NA,NA,0,0.021751914,15265,358.6325958,1,76,4581114,99648,NA,NA,NA,NA,NA,NA,NA,NA,2020-08-18,Fire
fema_only,Sacramento/Stockton/Modesto SMM xAOC,NA,FM-5338-CA,SCU LIGTNING COMPLEX FIRE,Fire,NA,NA,NA,2020-10-01,NA,NA,NA,NA,0,0,43,NA,NA,NA,0,0.120005964,0,0,0,0,4581114,549761,NA,NA,NA,NA,NA,NA,NA,NA,2020-08-20,Fire
fema_only,Sacramento/Stockton/Modesto SMM xAOC,NA,DR-4569-CA,WILDFIRES,Fire,NA,NA,NA,2020-11-17,NA,NA,NA,NA,0,0,75,NA,NA,NA,1.74e-5,0.017146266,11537,551.5356707,1,328.5,4581114,78549,NA,NA,NA,NA,NA,NA,NA,NA,2020-09-04,Fire
fema_only,Sacramento/Stockton/Modesto SMM xAOC,NA,DR-4683-CA,"SEVERE WINTER STORMS, FLOODING, LANDSLIDES, AND MUDSLIDES",Flood,NA,NA,NA,2023-01-31,NA,NA,NA,NA,0,0,36,NA,NA,NA,0.014702248,0.978049007,501422,16929.58060985,0,238.90384615384616,4581114,4480554,NA,NA,NA,NA,NA,NA,NA,NA,2022-12-27,Flood
fema_only,Sacramento/Stockton/Modesto SMM xAOC,NA,EM-3591-CA,"SEVERE WINTER STORMS, FLOODING, AND MUDSLIDES",Flood,NA,NA,NA,2023-01-31,NA,NA,NA,NA,0,0,24,NA,NA,NA,0,0.942860841,479254,15974.00441981,0,141.825,4581114,4319353,NA,NA,NA,NA,NA,NA,NA,NA,2023-01-08,Flood
fema_only,Sacramento/Stockton/Modesto SMM xAOC,NA,DR-4699-CA,"SEVERE WINTER STORMS, STRAIGHT-LINE WINDS, FLOODING, LANDSLIDES, AND MUDSLIDES",Severe Storm,NA,NA,NA,2023-07-10,NA,NA,NA,NA,0,0,140,NA,NA,NA,0.00236706,0.821905764,124133,2379.94469598,0,409.70454545454544,4581114,3765244,NA,NA,NA,NA,NA,NA,NA,NA,2023-02-21,Severe Storms
fema_only,Sacramento/Stockton/Modesto SMM xAOC,NA,EM-3592-CA,"SEVERE WINTER STORMS, FLOODING, LANDSLIDES, AND MUDSLIDES",Flood,NA,NA,NA,2023-07-10,NA,NA,NA,NA,0,0,124,NA,NA,NA,0,0.828461593,95578,1143.74704995,0,262.1875,4581114,3795277,NA,NA,NA,NA,NA,NA,NA,NA,2023-03-09,Flood
fema_only,Salt Lake City SMM xAOC,NA,FM-5292-UT,GUN RANGE FIRE,Fire,NA,NA,NA,2019-08-31,NA,NA,NA,NA,0,0,2,NA,NA,NA,0,0.105020596,161,51.61261822,1,7.25,3383184,355304,NA,NA,NA,NA,NA,NA,NA,NA,2019-08-30,Fire
fema_only,Salt Lake City SMM xAOC,NA,FM-5317-UT,CANAL FIRE,Fire,NA,NA,NA,2020-07-05,NA,NA,NA,NA,0,0,8,NA,NA,NA,0,0.003872092,1211,64.90902778,1,24.75,3383184,13100,NA,NA,NA,NA,NA,NA,NA,NA,2020-06-28,Fire
fema_only,Salt Lake City SMM xAOC,NA,FM-5318-UT,KNOLLS FIRE,Fire,NA,NA,NA,2020-06-30,NA,NA,NA,NA,0,0,3,NA,NA,NA,0,0.18789253,394,52.65499709,1,7,3383184,635675,NA,NA,NA,NA,NA,NA,NA,NA,2020-06-28,Fire
fema_only,Salt Lake City SMM xAOC,NA,FM-5321-UT,VEYO WEST FIRE,Fire,NA,NA,NA,2020-07-15,NA,NA,NA,NA,0,0,3,NA,NA,NA,0,0.052594834,438,52.67821641,1,7.5,3383184,177938,NA,NA,NA,NA,NA,NA,NA,NA,2020-07-13,Fire
fema_only,Salt Lake City SMM xAOC,NA,DR-4578-UT,STRAIGHT-LINE WINDS,Severe Storm,NA,NA,NA,2020-09-08,NA,NA,NA,NA,0,0,2,NA,NA,NA,0.008017162,0.527811671,172322,32551.9386513,13,16.0625,3383184,1785684,NA,NA,NA,NA,NA,NA,NA,NA,2020-09-07,Severe Storms
fema_only,Salt Lake City SMM xAOC,NA,FM-5353-UT,ETHER HOLLOW FIRE,Fire,NA,NA,NA,2020-09-12,NA,NA,NA,NA,0,0,6,NA,NA,NA,0,0.18789253,2054,148.6822917,2,25,3383184,635675,NA,NA,NA,NA,NA,NA,NA,NA,2020-09-07,Fire
fema_only,Salt Lake City SMM xAOC,NA,DR-4752-UT,FLOODING,Flood,NA,NA,NA,2023-05-27,NA,NA,NA,NA,0,0,27,NA,NA,NA,0.008932195,0.227080466,6570,161.13215994,0,8.35,3383184,768255,NA,NA,NA,NA,NA,NA,NA,NA,2023-05-01,Flood
fema_only,San Antonio SMM xAOC,NA,EM-3530-TX,HURRICANE HANNA,Hurricane,NA,NA,NA,2020-07-31,NA,NA,NA,NA,0,0,7,NA,NA,NA,0,0.704240438,4669,121.73921733,3,6.6,2880316,2028435,NA,NA,NA,NA,NA,NA,NA,NA,2020-07-25,Tropical Storms
fema_only,San Antonio SMM xAOC,NA,EM-3540-TX,TROPICAL STORMS MARCO AND LAURA,Hurricane,NA,NA,NA,2020-08-27,NA,NA,NA,NA,0,0,5,NA,NA,NA,0,0.695217122,3655,74.0702775,1,9.5,2880316,2002445,NA,NA,NA,NA,NA,NA,NA,NA,2020-08-23,Tropical Storms
fema_only,San Antonio SMM xAOC,NA,DR-4586-TX,SEVERE WINTER STORMS,Severe Ice Storm,NA,NA,NA,2021-02-21,NA,NA,NA,NA,0,0,11,NA,NA,NA,0.012243935,1,533878,100036.12302861,38,118.87,2880316,2880316,NA,NA,NA,NA,NA,NA,NA,NA,2021-02-11,Winter Storms
fema_only,San Antonio SMM xAOC,NA,EM-3554-TX,SEVERE WINTER STORM,Severe Ice Storm,NA,NA,NA,2021-02-21,NA,NA,NA,NA,0,0,11,NA,NA,NA,0,1,533878,100036.12302861,38,118.87,2880316,2880316,NA,NA,NA,NA,NA,NA,NA,NA,2021-02-11,Winter Storms
fema_only,San Antonio SMM xAOC,NA,DR-4705-TX,SEVERE WINTER STORM,Winter Storm,NA,NA,NA,2023-02-02,NA,NA,NA,NA,0,0,4,NA,NA,NA,4.43e-4,0.088974613,27710,6351.4924556,3,36.916666666666664,2880316,256275,NA,NA,NA,NA,NA,NA,NA,NA,2023-01-30,Winter Storms
fema_only,San Diego SMM xAOC,NA,DR-4569-CA,WILDFIRES,Fire,NA,NA,NA,2020-11-17,NA,NA,NA,NA,0,0,75,NA,NA,NA,4.84e-4,1,27150,812.421094,1,1121,3330459,3330459,NA,NA,NA,NA,NA,NA,NA,NA,2020-09-04,Fire
fema_only,San Diego SMM xAOC,NA,DR-4683-CA,"SEVERE WINTER STORMS, FLOODING, LANDSLIDES, AND MUDSLIDES",Flood,NA,NA,NA,2023-01-31,NA,NA,NA,NA,0,0,36,NA,NA,NA,0.001511774,1,14402,449.1439335,0,361.75,3330459,3330459,NA,NA,NA,NA,NA,NA,NA,NA,2022-12-27,Flood
fema_only,San Diego SMM xAOC,NA,EM-3591-CA,"SEVERE WINTER STORMS, FLOODING, AND MUDSLIDES",Flood,NA,NA,NA,2023-01-31,NA,NA,NA,NA,0,0,24,NA,NA,NA,0,1,14402,564.3718348,0,264.75,3330459,3330459,NA,NA,NA,NA,NA,NA,NA,NA,2023-01-08,Flood
fema_only,San Francisco/Oakland/San Jose SMM xAOC,NA,DR-4431-CA,"SEVERE WINTER STORMS, FLOODING, LANDSLIDES, AND MUDSLIDES",Severe Storm,NA,NA,NA,2019-02-15,NA,NA,NA,NA,0,0,3,NA,NA,NA,0.001598222,0.065119393,16252,3668.3998744,27,20.25,7427818,483695,NA,NA,NA,NA,NA,NA,NA,NA,2019-02-13,Severe Storms
fema_only,San Francisco/Oakland/San Jose SMM xAOC,NA,DR-4434-CA,"SEVERE WINTER STORMS, FLOODING, LANDSLIDES, AND MUDSLIDES",Severe Storm,NA,NA,NA,2019-03-01,NA,NA,NA,NA,0,0,6,NA,NA,NA,0.020109953,0.140078284,18666,2376.03666561,5,45.5,7427818,1040476,NA,NA,NA,NA,NA,NA,NA,NA,2019-02-24,Severe Storms
fema_only,San Francisco/Oakland/San Jose SMM xAOC,NA,DR-4558-CA,WILDFIRES,Fire,NA,NA,NA,2020-09-26,NA,NA,NA,NA,0,0,44,NA,NA,NA,0.01544396,0.466975901,144508,4182.51650698,6,546.875,7427818,3468612,NA,NA,NA,NA,NA,NA,NA,NA,2020-08-14,Fire
fema_only,San Francisco/Oakland/San Jose SMM xAOC,NA,FM-5331-CA,LNU LIGHTNING FIRE COMPLEX,Fire,NA,NA,NA,2020-10-02,NA,NA,NA,NA,0,0,47,NA,NA,NA,0,0.093494348,0,0,0,0,7427818,694459,NA,NA,NA,NA,NA,NA,NA,NA,2020-08-17,Fire
fema_only,San Francisco/Oakland/San Jose SMM xAOC,NA,FM-5336-CA,CZU LIGHTNING FIRE COMPLEX,Fire,NA,NA,NA,2020-09-22,NA,NA,NA,NA,0,0,34,NA,NA,NA,0,0.102965635,0,0,0,0,7427818,764810,NA,NA,NA,NA,NA,NA,NA,NA,2020-08-20,Fire
fema_only,San Francisco/Oakland/San Jose SMM xAOC,NA,FM-5338-CA,SCU LIGTNING COMPLEX FIRE,Fire,NA,NA,NA,2020-10-01,NA,NA,NA,NA,0,0,43,NA,NA,NA,0,0.258812346,0,0,0,0,7427818,1922411,NA,NA,NA,NA,NA,NA,NA,NA,2020-08-20,Fire
fema_only,San Francisco/Oakland/San Jose SMM xAOC,NA,DR-4569-CA,WILDFIRES,Fire,NA,NA,NA,2020-11-17,NA,NA,NA,NA,0,0,75,NA,NA,NA,0.010815082,0.096519328,45793,3332.64856569,3,806.6666666666666,7427818,716928,NA,NA,NA,NA,NA,NA,NA,NA,2020-09-04,Fire
fema_only,San Francisco/Oakland/San Jose SMM xAOC,NA,FM-5376-CA,GLASS FIRE,Fire,NA,NA,NA,2020-10-20,NA,NA,NA,NA,0,0,24,NA,NA,NA,0,0.084815756,0,0,0,0,7427818,629996,NA,NA,NA,NA,NA,NA,NA,NA,2020-09-27,Fire
fema_only,San Francisco/Oakland/San Jose SMM xAOC,NA,DR-4619-CA,WILDFIRES,Fire,NA,NA,NA,2021-10-21,NA,NA,NA,NA,0,0,69,NA,NA,NA,2.25e-4,0.008678592,12827,369.4529234,1,305,7427818,64463,NA,NA,NA,NA,NA,NA,NA,NA,2021-08-14,Fire
fema_only,San Francisco/Oakland/San Jose SMM xAOC,NA,DR-4683-CA,"SEVERE WINTER STORMS, FLOODING, LANDSLIDES, AND MUDSLIDES",Flood,NA,NA,NA,2023-01-31,NA,NA,NA,NA,0,0,36,NA,NA,NA,0.025465739,0.991321408,221624,9726.0475051,0,389.80555555555554,7427818,7363355,NA,NA,NA,NA,NA,NA,NA,NA,2022-12-27,Flood
fema_only,San Francisco/Oakland/San Jose SMM xAOC,NA,EM-3591-CA,"SEVERE WINTER STORMS, FLOODING, AND MUDSLIDES",Flood,NA,NA,NA,2023-01-31,NA,NA,NA,NA,0,0,24,NA,NA,NA,0,1,155519,6231.69357017,0,212.9,7427818,7427818,NA,NA,NA,NA,NA,NA,NA,NA,2023-01-08,Flood
fema_only,San Francisco/Oakland/San Jose SMM xAOC,NA,DR-4699-CA,"SEVERE WINTER STORMS, STRAIGHT-LINE WINDS, FLOODING, LANDSLIDES, AND MUDSLIDES",Severe Storm,NA,NA,NA,2023-07-10,NA,NA,NA,NA,0,0,140,NA,NA,NA,0.001357355,0.84478847,377694,5601.3127336856905,0,918.6111111111112,7427818,6274935,NA,NA,NA,NA,NA,NA,NA,NA,2023-02-21,Severe Storms
fema_only,San Francisco/Oakland/San Jose SMM xAOC,NA,EM-3592-CA,"SEVERE WINTER STORMS, FLOODING, LANDSLIDES, AND MUDSLIDES",Flood,NA,NA,NA,2023-07-10,NA,NA,NA,NA,0,0,124,NA,NA,NA,0,0.585291401,278214,3486.3085157600003,0,692.9642857142857,7427818,4347438,NA,NA,NA,NA,NA,NA,NA,NA,2023-03-09,Flood
fema_only,Seattle/Tacoma SMM xAOC,NA,DR-4539-WA,"SEVERE STORMS, FLOODING, LANDSLIDES, AND MUDSLIDES",Flood,NA,NA,NA,2020-02-10,NA,NA,NA,NA,0,0,22,NA,NA,NA,0.040112223,0.742831851,78419,2142.79677971,9,75.38636363636364,5475507,4067381,NA,NA,NA,NA,NA,NA,NA,NA,2020-01-20,Flood
fema_only,Seattle/Tacoma SMM xAOC,NA,FM-5320-WA,ROAD 11 FIRE,Fire,NA,NA,NA,2020-07-15,NA,NA,NA,NA,0,0,5,NA,NA,NA,0,0.007898995,147,4.773752751,1,1,5475507,43251,NA,NA,NA,NA,NA,NA,NA,NA,2020-07-11,Fire
fema_only,Seattle/Tacoma SMM xAOC,NA,FM-5359-WA,BORDEAUX ROAD FIRE,Fire,NA,NA,NA,2020-09-11,NA,NA,NA,NA,0,0,4,NA,NA,NA,0,0.05290122,3465,296.0762305,1,41,5475507,289661,NA,NA,NA,NA,NA,NA,NA,NA,2020-09-08,Fire
fema_only,Seattle/Tacoma SMM xAOC,NA,DR-4593-WA,"SEVERE WINTER STORM, STRAIGHT-LINE WINDS, FLOODING, LANDSLIDES, AND MUDSLIDES",Severe Storm,NA,NA,NA,2021-01-16,NA,NA,NA,NA,0,0,19,NA,NA,NA,0.014446659,0.254194543,195236,10440.6778681,7,71.08333333333333,5475507,1391844,NA,NA,NA,NA,NA,NA,NA,NA,2020-12-29,Severe Storms
fema_only,Seattle/Tacoma SMM xAOC,NA,FM-5398-WA,RED APPLE FIRE,Fire,NA,NA,NA,2021-07-20,NA,NA,NA,NA,0,0,8,NA,NA,NA,0,0.014072304,0,0,0,0,5475507,77053,NA,NA,NA,NA,NA,NA,NA,NA,2021-07-13,Fire
fema_only,Seattle/Tacoma SMM xAOC,NA,FM-5414-WA,TWENTYFIVE MILE FIRE,Fire,NA,NA,NA,2021-09-13,NA,NA,NA,NA,0,0,28,NA,NA,NA,0,0.014072304,0,0,0,0,5475507,77053,NA,NA,NA,NA,NA,NA,NA,NA,2021-08-17,Fire
fema_only,Seattle/Tacoma SMM xAOC,NA,DR-4635-WA,"SEVERE STORMS, STRAIGHT-LINE WINDS, FLOODING, LANDSLIDES, AND MUDSLIDES",Flood,NA,NA,NA,2021-12-02,NA,NA,NA,NA,0,0,28,NA,NA,NA,0.029164751,0.118884881,76911,3303.3800830699997,7,90.35714285714286,5475507,650955,330554.85,0.1267710631796155,415570.86,0.15937554614209157,NA,NA,NA,NA,2021-11-05,Flood
fema_only,Seattle/Tacoma SMM xAOC,NA,DR-4650-WA,"SEVERE WINTER STORMS, SNOWSTORMS, STRAIGHT-LINE WINDS, FLOODIN",Flood,NA,NA,NA,2022-01-15,NA,NA,NA,NA,0,0,21,NA,NA,NA,0.009742499,0.155383054,38523,1375.492861,1,61.638888888888886,5475507,850801,NA,NA,NA,NA,NA,NA,NA,NA,2021-12-26,Flood
fema_only,Seattle/Tacoma SMM xAOC,NA,FM-5455-WA,BOLT CREEK FIRE,Fire,NA,NA,NA,2022-10-24,NA,NA,NA,NA,0,0,45,NA,NA,NA,0,0.56105599,4853,264.52629694999996,0,259,5475507,3072066,NA,NA,NA,NA,NA,NA,NA,NA,2022-09-10,Fire
fema_only,Seattle/Tacoma SMM xAOC,NA,DR-4682-WA,"SEVERE WINTER STORM, STRAIGHT-LINE WINDS, FLOODING, LANDSLIDES, AND MUDSLIDES",Severe Storm,NA,NA,NA,2022-11-08,NA,NA,NA,NA,0,0,6,NA,NA,NA,0.00284437,0.224151115,241755,52405.9002704,0,84.875,5475507,1227341,NA,NA,NA,NA,NA,NA,NA,NA,2022-11-03,Severe Storms
fema_only,St. Louis SMM xAOC,NA,DR-4461-IL,SEVERE STORMS AND FLOODING,Flood,NA,NA,NA,2019-07-03,NA,NA,NA,NA,0,0,130,NA,NA,NA,0.023042958,0.197579216,18918,195.87885275,7,69.14285714285714,3185001,629290,NA,NA,NA,NA,NA,NA,NA,NA,2019-02-24,Flood
fema_only,St. Louis SMM xAOC,NA,DR-4435-MO,"SEVERE STORMS, STRAIGHT-LINE WINDS, AND FLOODING",Flood,NA,NA,NA,2019-04-16,NA,NA,NA,NA,0,0,37,NA,NA,NA,2.15e-4,0.01118838,0,0,0,0,3185001,35635,NA,NA,NA,NA,NA,NA,NA,NA,2019-03-11,Flood
fema_only,St. Louis SMM xAOC,NA,DR-4451-MO,"SEVERE STORMS, TORNADOES, AND FLOODING",Severe Storm,NA,NA,NA,2019-07-05,NA,NA,NA,NA,0,0,68,NA,NA,NA,0.007147825,0.325670227,17715,318.16137358,6,52.67857142857143,3185001,1037260,NA,NA,NA,NA,NA,NA,NA,NA,2019-04-29,Severe Storms
fema_only,St. Louis SMM xAOC,NA,DR-4612-MO,"SEVERE STORMS, STRAIGHT-LINE WINDS, TORNADOES, AND FLOODING",Severe Storm,NA,NA,NA,2021-07-01,NA,NA,NA,NA,0,0,8,NA,NA,NA,3.62e-4,0.018536886,1312,70.21925212,1,22,3185001,59040,NA,NA,NA,NA,NA,NA,NA,NA,2021-06-24,Severe Storms
fema_only,St. Louis SMM xAOC,NA,EM-3577-IL,"SEVERE STORMS, STRAIGHT-LINE WINDS, AND TORNADOES",Tornado,NA,NA,NA,2021-12-10,NA,NA,NA,NA,0,0,1,NA,NA,NA,0,0.12769164,0,0,0,0,3185001,406698,NA,NA,NA,NA,NA,NA,NA,NA,2021-12-10,Others
fema_only,St. Louis SMM xAOC,NA,DR-4665-MO,SEVERE STORMS AND FLOODING,Flood,NA,NA,NA,2022-07-28,NA,NA,NA,NA,0,0,4,NA,NA,NA,0.025218514,0.533117258,25417,2467.2580263,1,33.25,3185001,1697979,4358607.2,0.14690878825872228,4225692.0200000005,0.14242882318295452,NA,NA,NA,NA,2022-07-25,Flood
fema_only,St. Louis SMM xAOC,NA,DR-4676-IL,SEVERE STORM AND FLOODING,Flood,NA,NA,NA,2022-07-28,NA,NA,NA,NA,0,0,4,NA,NA,NA,0,0.081597777,998,150.681669,1,35.5,3185001,259889,20396035.86,1.7280968847562588,23272378.91,1.971801077978604,NA,NA,NA,NA,2022-07-25,Flood
fema_only,St. Louis SMM xAOC,NA,DR-4728-IL,SEVERE STORMS AND FLOODING,Severe Storm,NA,NA,NA,2023-07-02,NA,NA,NA,NA,0,0,4,NA,NA,NA,4.81e-4,0.016767342,12489,4583.60388495,0,33.166666666666664,3185001,53404,NA,NA,NA,NA,NA,NA,NA,NA,2023-06-29,Severe Storms
fema_only,St. Louis SMM xAOC,NA,DR-4741-MO,"SEVERE STORMS, STRAIGHT-LINE WINDS, TORNADOES, AND FLOODING",Severe Storm,NA,NA,NA,2023-08-14,NA,NA,NA,NA,0,0,17,NA,NA,NA,1.94e-4,0.016315536,4218,198.4738165,0,27.166666666666668,3185001,51965,NA,NA,NA,NA,NA,NA,NA,NA,2023-07-29,Severe Storms
fema_only,Tampa/Ft. Myers SMM xAOC,NA,FM-5309-FL,36TH AVENUE FIRE,Fire,NA,NA,NA,2020-06-02,NA,NA,NA,NA,0,0,21,NA,NA,NA,0,0.059485537,3628,102.6008643,1,71.25,6487577,385917,NA,NA,NA,NA,NA,NA,NA,NA,2020-05-13,Fire
fema_only,Tampa/Ft. Myers SMM xAOC,NA,EM-3551-FL,HURRICANE ETA,Hurricane,NA,NA,NA,2020-11-12,NA,NA,NA,NA,0,0,6,NA,NA,NA,1.61e-4,0.645580931,72310,6378.930938760001,7,47.285714285714285,6487577,4188256,NA,NA,NA,NA,NA,NA,NA,NA,2020-11-07,Tropical Storms
fema_only,Tampa/Ft. Myers SMM xAOC,NA,EM-3562-FL,TROPICAL STORM FRED,Hurricane,NA,NA,NA,2021-08-19,NA,NA,NA,NA,0,0,7,NA,NA,NA,0,0.085259874,13177,183.06795394,2,15.875,6487577,553130,NA,NA,NA,NA,NA,NA,NA,NA,2021-08-13,Tropical Storms
fema_only,Tampa/Ft. Myers SMM xAOC,NA,DR-4680-FL,HURRICANE NICOLE,Hurricane,NA,NA,NA,2022-11-30,NA,NA,NA,NA,0,0,24,NA,NA,NA,3.82e-4,1,113830,1683.417987935,0,46.1875,6487577,6487577,NA,NA,NA,NA,NA,NA,NA,NA,2022-11-07,Tropical Storms
fema_only,Tampa/Ft. Myers SMM xAOC,NA,EM-3587-FL,TROPICAL STORM NICOLE,Tropical Storm,NA,NA,NA,2022-11-30,NA,NA,NA,NA,0,0,24,NA,NA,NA,0,1,113830,1683.417987935,0,46.1875,6487577,6487577,NA,NA,NA,NA,NA,NA,NA,NA,2022-11-07,Tropical Storms
fema_only,Washington DC/Hagerstown SMM xAOC,NA,DR-4455-WV,"SEVERE STORMS, FLOODING, LANDSLIDES, AND MUDSLIDES",Flood,NA,NA,NA,2019-06-30,NA,NA,NA,NA,0,0,2,NA,NA,NA,6.35e-5,0.001698136,737,178.6204751,4,3,6763886,11486,NA,NA,NA,NA,NA,NA,NA,NA,2019-06-29,Flood
fema_only,Washington DC/Hagerstown SMM xAOC,NA,DR-4583-MD,TROPICAL STORM ISAIAS,Hurricane,NA,NA,NA,2020-08-04,NA,NA,NA,NA,0,0,2,NA,NA,NA,0.008167712,0.030518551,21848,4909.413328,2,19.125,6763886,206424,NA,NA,NA,NA,NA,NA,NA,NA,2020-08-03,Tropical Storms
fema_only,Washington DC/Hagerstown SMM xAOC,NA,EM-3553-DC,59TH PRESIDENTIAL INAUGURATION,Other,NA,NA,NA,2021-01-24,NA,NA,NA,NA,0,0,14,NA,NA,NA,0.006215069,0.104710961,500,31.28908333,4,14.5,6763886,708253,NA,NA,NA,NA,NA,NA,NA,NA,2021-01-11,Others
fema_only,Washington DC/Hagerstown SMM xAOC,NA,DR-4618-PA,REMNANTS OF HURRICANE IDA,Hurricane,NA,NA,NA,2021-09-05,NA,NA,NA,NA,0,0,6,NA,NA,NA,8.41e-4,0.002144034,1104,203.0265625,4,28.5,6763886,14502,NA,NA,NA,NA,NA,NA,NA,NA,2021-08-31,Tropical Storms
fema_only,Washington DC/Hagerstown SMM xAOC,NA,DR-4644-VA,SEVERE WINTER STORM AND SNOWSTORM,Severe Storm,NA,NA,NA,2022-01-03,NA,NA,NA,NA,0,0,2,NA,NA,NA,0.001376403,0.068987413,84473,22448.4654914,7,8.821428571428571,6763886,466623,NA,NA,NA,NA,NA,NA,NA,NA,2022-01-02,Severe Storms
